name,price,weight,url,source
Eco-Friendly Large Ganesha – Milk and Dark Chocolate,20001.0,,https://adlersden.com/product/eco-friendly-large-ganesha-milk-and-dark-chocolate/,adlers
Golden Diwali Hamper (Small),524.0,,https://adlersden.com/product/golden-diwali-hamper-small/,adlers
Chocolate Cracker Box,905.0,,https://adlersden.com/product/chocolate-cracker-box/,adlers
Chocolate Cracker Gift Bag,486.0,,https://adlersden.com/product/chocolate-cracker-gift-bag/,adlers
Chocolate Cracker Gift Box,1619.0,,https://adlersden.com/product/chocolate-cracker-gift-box/,adlers
Elegant Shimmery Gift Box of Chocolate Crackers,1071.0,,https://adlersden.com/product/elegant-shimmery-gift-box-of-chocolate-crackers/,adlers
Chocolate Gold Coins Gift Bag,332.0,,https://adlersden.com/product/chocolate-gold-coins-gift-bag/,adlers
Nuts & Berries Gift Box,943.0,,https://adlersden.com/product/nuts-berries-gift-box/,adlers
Festive Gift Box of Chocolate Coated Nuts,1619.0,,https://adlersden.com/product/festive-gift-box-of-chocolate-coated-nuts/,adlers
Golden Diwali Hamper (Big),1143.0,,https://adlersden.com/product/golden-diwali-hamper-big/,adlers
Diwali gift box with chocolates & dry fruits,905.0,,https://adlersden.com/product/diwali-gift-box-with-chocolates-dry-fruits/,adlers
Walnut Rochers (In Dark Chocolate),409.0,,https://adlersden.com/product/walnut-rochers-in-dark-chocolate/,adlers
Eco-Friendly Small Ganesha – Milk and Dark Chocolate,4763.0,,https://adlersden.com/product/eco-friendly-small-ganesha-milk-and-dark-chocolate/,adlers
Crunchy Orange Chocolate Bites (In Dark Chocolate),237.0,,https://adlersden.com/product/crunchy-orange-chocolate-bites-in-dark-chocolate/,adlers
Black Currant Squares (In Dark Chocolate),228.0,,https://adlersden.com/product/black-currant-squares-in-dark-chocolate/,adlers
Cashew Cranberry Rochers (Dark Chocolate),247.0,,https://adlersden.com/product/cashew-cranberry-rochers-dark-chocolate/,adlers
The Chocolate Bliss Box (8×8),1428.0,,https://adlersden.com/product/the-chocolate-bliss-box/,adlers
Black Chocolate Trove,1742.0,,https://adlersden.com/product/black-chocolate-trove/,adlers
Ultimate Chocolate Indulgence Hamper,1285.0,,https://adlersden.com/product/ultimate-chocolate-indulgence-hamper/,adlers
Trendy Father’s Day Hamper,1047.0,,https://adlersden.com/product/trendy-fathers-day-hamper/,adlers
The Chocolate Treat Hamper,618.0,,https://adlersden.com/product/the-chocolate-treat-hamper/,adlers
Shubh Beginnings,570.0,,https://adlersden.com/product/akshaya-tritiya-hampers-shubh-beginnings/,adlers
Golden Blessings,285.0,,https://adlersden.com/product/akshaya-tritiya-hamper-golden-blessings/,adlers
Prosperity Treasure,237.0,,https://adlersden.com/product/akshaya-tritiya-hampers-prosperity-treasure/,adlers
Green Symphony,1770.0,,https://adlersden.com/product/akshaya-tritiya-hamper-green-symphony/,adlers
Red Wonder,1237.0,,https://adlersden.com/product/akshaya-tritiya-hamper-red-wonder/,adlers
Divine Elegance,809.0,,https://adlersden.com/product/akshaya-tritiya-hampers-divine-elegance/,adlers
Festive Gift Box For Christmas,1190.0,,https://adlersden.com/product/festive-gift-box-for-christmas/,adlers
Christmas Treat of Almond Rochers,523.0,,https://adlersden.com/product/christmas-treat-of-almond-rochers/,adlers
Valentine’s Day Heartful of Love,1761.0,,https://adlersden.com/product/valentines-day-hearts/,adlers
Valentine’s Day Hearts,428.0,,https://adlersden.com/product/heartful-of-love/,adlers
Valentine’s Day Trunkful of Love,1380.0,,https://adlersden.com/product/trunkful-of-love/,adlers
Valentine’s Day Sinful Love Chocolate Box,428.0,,https://adlersden.com/product/valentines-day-sinful-love-chocolate-box/,adlers
Christmas Surprise Gift Box,2285.0,,https://adlersden.com/product/christmas-surprise-gift-box/,adlers
Praline Rochers (In Dark Chocolate),370.0,,https://adlersden.com/product/praline-rochers-in-dark-chocolate/,adlers
Masala Mango,456.0,,https://adlersden.com/product/masala-mango/,adlers
Stuffed Assorted Dates (Medjoul),466.0,,https://adlersden.com/product/stuffed-assorted-dates-medjoul/,adlers
Stuffed Assorted Dates (Safawi/ Kalmi),313.0,,https://adlersden.com/product/stuffed-assorted-dates-safawi-kalmi/,adlers
Dried Anjeer,304.0,,https://adlersden.com/product/dried-anjeer/,adlers
Walnut Kernels,285.0,,https://adlersden.com/product/walnut-kernels/,adlers
Stuffed Date Chocolates (Sugar Free),437.0,,https://adlersden.com/product/stuffed-date-chocolates-sugar-free/,adlers
Grand Christmas Gift Hamper Box – Black,3380.0,,https://adlersden.com/product/buy-grand-christmas-chocolate-gift-hamper/,adlers
Grand Christmas Gift Hamper Box – Red,3142.0,,https://adlersden.com/product/special-christmas-chocolate-hamper-online/,adlers
Bespoke Gift Box for Diwali – Red,1332.0,,https://adlersden.com/product/bespoke-gift-box-for-diwali-red/,adlers
Special Diwali Grand Hamper,4332.0,,https://adlersden.com/product/special-diwali-chocolate-gift-hamper-india/,adlers
Diwali Dusky Gift Box,1332.0,,https://adlersden.com/product/diwali-dusky-gift-box/,adlers
Diwali Premium Gift Trunk,1355.0,,https://adlersden.com/product/diwali-premium-gift-trunk/,adlers
Bespoke Gift Box for Diwali – Green,1332.0,,https://adlersden.com/product/bespoke-gift-box-for-diwali-green/,adlers
Sea Salt Cashew Caramel Truffles,475.0,,https://adlersden.com/product/sea-salt-cashew-caramel-truffles/,adlers
Cashew Cranberry Truffles,475.0,,https://adlersden.com/product/cashew-cranberry-truffles/,adlers
Nuts & Raisins Truffles,475.0,,https://adlersden.com/product/nuts-raisins-truffles/,adlers
Walnut Rochers (In Milk Chocolate),475.0,,https://adlersden.com/product/walnut-rochers-in-milk-chocolate/,adlers
Stuffed Date Chocolates,313.0,,https://adlersden.com/product/best-stuffed-assorted-date-chocolates/,adlers
Walnut Rochers (Sugar Free),532.0,,https://adlersden.com/product/walnut-rochers-sugar-free/,adlers
Paan Truffles,475.0,,https://adlersden.com/product/paan-truffles/,adlers
Whole Safawi Dates,256.0,,https://adlersden.com/product/whole-safawi-dates/,adlers
Sea Salt Almond Caramel Truffles,475.0,,https://adlersden.com/product/sea-salt-almond-caramel-truffles/,adlers
Mendiants (In Dark Chocolate),237.0,,https://adlersden.com/product/mendiants-in-dark-chocolate/,adlers
Real Orange Barks (In White Chocolate),399.0,,https://adlersden.com/product/real-orange-bites-in-white-chocolate/,adlers
Paan Guava,437.0,,https://adlersden.com/product/paan-guava/,adlers
English Brittles (In Dark Chocolate),399.0,,https://adlersden.com/product/english-brittles-in-dark-chocolate/,adlers
Cashew Cranberry Rochers (In Dark Chocolate),370.0,,https://adlersden.com/product/cashew-cranberry-rochers-in-dark-chocolate/,adlers
Rasmalai Squares (In White Chocolate),437.0,,https://adlersden.com/product/rasmalai-squares-in-white-chocolate/,adlers
Nutella Caramel Cheesecake Dessert,418.0,,https://adlersden.com/product/nutella-caramel-cheesecake-dessert/,adlers
Nutella Cheesecake Dessert,475.0,,https://adlersden.com/product/nutella-cheesecake-dessert/,adlers
Rakhi Cool Sis Gift Box,1618.0,,https://adlersden.com/product/rakhi-cool-sis-gift-box/,adlers
Kids’ Rakhis,76.0,,https://adlersden.com/product/kids-rakhi/,adlers
Eco-Friendly Rakhis,76.0,,https://adlersden.com/product/eco-friendly-rakhis/,adlers
Hazelnut Caramel Cheesecake Dessert,380.0,,https://adlersden.com/product/hazelnut-caramel-cheesecake-dessert/,adlers
Sea-Salt Caramel Cheesecake Dessert,380.0,,https://adlersden.com/product/sea-salt-caramel-cheesecake-dessert/,adlers
Rakhi Dusky Gift Box,1332.0,,https://adlersden.com/product/rakhi-dusky-gift-box/,adlers
Swanky Gift Box for Rakhi,2190.0,,https://adlersden.com/product/swanky-gift-box-for-rakhi/,adlers
Swanky Gift Box for Rakhi With Personalized Photo Frame,2287.0,,https://adlersden.com/product/swanky-gift-box-for-rakhi-with-personalized-photo-frame/,adlers
Rakhi Sassy Bro Gift Box,1618.0,,https://adlersden.com/product/rakhi-sassy-bro-gift-box/,adlers
Mixed Nuts Chaat,380.0,,https://adlersden.com/product/mixed-nuts-chaat/,adlers
Coffee Almond Rochers (In Dark Chocolate),399.0,,https://adlersden.com/product/coffee-almond-rochers-in-dark-chocolate/,adlers
Coffee Almond Rochers (Sugar Free),532.0,,https://adlersden.com/product/coffee-almond-rochers-sugar-free/,adlers
Paan Chocolate Nibbles (In White Chocolate),409.0,,https://adlersden.com/product/paan-chocolate-nibbles-in-white-chocolate/,adlers
Rakhi Special Gift Hamper,999.0,,https://adlersden.com/product/rakhi-special-gift-hamper/,adlers
Irresistible Dessert Gift Hamper For Father’s Day – (Regular & Sugar Free),1551.0,,https://adlersden.com/product/irresistible-dessert-gift-hamper-for-fathers-day-regular-sugar-free/,adlers
Date Chocolates,380.0,,https://adlersden.com/product/date-chocolates/,adlers
Shimmering Jumbo Gift Trunk For Rakhi,3201.0,,https://adlersden.com/product/shimmering-jumbo-gift-trunk-for-rakhi/,adlers
Caramel Truffles,285.0,,https://adlersden.com/product/caramel-truffles/,adlers
Rakhi Toon Gift Box For Kids,1475.0,,https://adlersden.com/product/rakhi-toon-gift-box-for-kids/,adlers
Rakhi Smart Gift Box For Kids,1523.0,,https://adlersden.com/product/rakhi-smart-gift-box-for-kids/,adlers
Rakhi Premium Gift Box,1428.0,,https://adlersden.com/product/rakhi-premium-gift-box/,adlers
Rakhi Gourmet Gift Box,1332.0,,https://adlersden.com/product/rakhi-gourmet-gift-box/,adlers
Rakhi Artisan Chocolates Gift Box,1428.0,,https://adlersden.com/product/rakhi-artisan-chocolates-gift-box/,adlers
Rakhi Classic Gift Box,1190.0,,https://adlersden.com/product/rakhi-classic-gift-box/,adlers
Rakhi Gift Collection of Healthy Nuts & Berries,1390.0,,https://adlersden.com/product/rakhi-gift-collection-of-healthy-nuts-berries/,adlers
Suave Gift Hamper,1094.0,,https://adlersden.com/product/suave-gift-hamper-2/,adlers
The Walnut Brownie Chocolate Dessert – Sugar Free,380.0,,https://adlersden.com/product/the-walnut-brownie-chocolate-dessert-sugar-free/,adlers
Signature Chocolate Truffles’ Expression Box For Father’s Day,285.0,,https://adlersden.com/product/signature-chocolate-truffles-expression-box-for-fathers-day/,adlers
Father’s Day Surprise Gift Trunk – Big,1713.0,,https://adlersden.com/product/fathers-day-surprise-gift-trunk-big/,adlers
Elegant Admiration Gift Basket For Father’s Day,1864.0,,https://adlersden.com/product/elegant-admiration-gift-basket-for-fathers-day/,adlers
Father’s Day Appreciation Gift Box,1618.0,,https://adlersden.com/product/fathers-day-appreciation-gift-box/,adlers
Proud Of You Gift Hamper For Father’s Day,809.0,,https://adlersden.com/product/proud-of-you-gift-hamper-for-fathers-day/,adlers
You Amaze Me Gift Trunk For Father’s Day,1186.0,,https://adlersden.com/product/you-amaze-me-gift-trunk-for-fathers-day/,adlers
You Light Up My World Gift Box For Father’s Day,523.0,,https://adlersden.com/product/you-light-up-my-world-gift-box-for-fathers-day/,adlers
Holi Exquisite Gift Hamper Box,1475.0,,https://adlersden.com/product/holi-exquisite-gift-hamper-box/,adlers
Holi Special Gift Hamper Box,951.0,,https://adlersden.com/product/holi-special-gift-hamper-box/,adlers
Limited Edition Grand Holi Gift Hamper Box,1713.0,,https://adlersden.com/product/limited-edition-grand-holi-gift-hamper-box/,adlers
Holi Happiness In Mini Jars Gift Box,666.0,,https://adlersden.com/product/holi-happiness-in-mini-jars-gift-box/,adlers
Holi Special Paan/Thandai Chocolate Bar,380.0,,https://adlersden.com/product/holi-paan-chocolate-bar/,adlers
Holi Elegant Gift Hamper – Regular,666.0,,https://adlersden.com/product/holi-elegant-gift-hamper-regular/,adlers
Delectable Holi Thandai Sticks Gift Box,190.0,,https://adlersden.com/product/delectable-holi-thandai-sticks-gift-box/,adlers
Signature Paan Truffles Gift Box For Holi,380.0,,https://adlersden.com/product/signature-paan-truffles-gift-box-for-holi/,adlers
Holi Elegant Gift Hamper – Medium,761.0,,https://adlersden.com/product/holi-elegant-gift-hamper-medium/,adlers
Holi Elegant Gift Hamper – Large,951.0,,https://adlersden.com/product/holi-elegant-gift-hamper-large/,adlers
Elegant Admiration Gift Basket For Women’s Day,1864.0,,https://adlersden.com/product/elegant-admiration-gift-basket-for-womens-day/,adlers
Women’s Day Appreciation Gift Box,1618.0,,https://adlersden.com/product/womens-day-appreciation-gift-box/,adlers
Mushy Gift Trunk For Women’s Day,1142.0,,https://adlersden.com/product/mushy-gift-trunk-for-womens-day/,adlers
Proud Of You Gift Hamper For Women’s Day,809.0,,https://adlersden.com/product/proud-of-you-gift-hamper-for-womens-day/,adlers
You Amaze Me Gift Trunk For Women’s Day,1186.0,,https://adlersden.com/product/you-amaze-me-gift-trunk-for-womens-day/,adlers
Christmas Sugar-Free Chocolate Bar,399.0,,https://adlersden.com/product/christmas-sugar-free-chocolate-bar/,adlers
Valentine’s Day Special Gift Hamper,904.0,,https://adlersden.com/product/valentines-day-special-gift-hamper/,adlers
Women’s Day Exquisite Gift Hamper,4570.0,,https://adlersden.com/product/womens-day-exquisite-gift-hamper/,adlers
You Light Up My World Gift Box For Women’s Day,475.0,,https://adlersden.com/product/you-light-up-my-world-gift-box-for-womens-day/,adlers
Christmas Chocolate Sticks Gift Box,285.0,,https://adlersden.com/product/christmas-chocolate-sticks-gift-box/,adlers
Christmas Trunkful of Chocolates,1397.0,,https://adlersden.com/product/christmas-trunkful-of-chocolates/,adlers
Christmas Goodies Hamper,1428.0,,https://adlersden.com/product/christmas-goodies-hamper/,adlers
Christmas Chocolate Bar,332.0,,https://adlersden.com/product/christmas-chocolate-bar/,adlers
Make Her Feel Special Women’s Day Gift Box,1475.0,,https://adlersden.com/product/make-her-feel-special-gift-box/,adlers
Signature Chocolate Truffles’ Expression Box For Women’s Day,285.0,,https://adlersden.com/product/signature-chocolate-truffles-expression-box-for-womens-day/,adlers
Gratitude Hamper For Women’s Day,666.0,,https://adlersden.com/product/gratitude-hamper-for-womens-day/,adlers
Women’s Day Surprise Gift Trunk,1101.0,,https://adlersden.com/product/womens-day-gourmet-gift-trunk/,adlers
Women’s Day Surprise Gift Trunk – Big,1482.0,,https://adlersden.com/product/womens-day-gourmet-gift-trunk-big/,adlers
Valentine’s Day Gourmet Gift Trunk,1143.0,,https://adlersden.com/product/valentines-day-gourmet-gift-trunk/,adlers
Valentine’s Day Trunkful Of Chocolates,1143.0,,https://adlersden.com/product/valentines-day-trunkful-of-chocolates/,adlers
Valentine’s Day Adorable Gift Basket – Big,3855.0,,https://adlersden.com/product/valentines-day-adorable-gift-basket-big/,adlers
Valentine’s Day Adorable Gift Basket – Small,2457.0,,https://adlersden.com/product/valentines-day-adorable-gift-basket-small/,adlers
Valentine’s Day Special Love Trunk,2160.0,,https://adlersden.com/product/valentines-day-special-love-trunk/,adlers
Christmas Happiness Chocolate Gift Box,332.0,,https://adlersden.com/product/christmas-happiness-chocolate-gift-box/,adlers
Diwali Suave Gift Hamper,1237.0,,https://adlersden.com/product/diwali-suave-gift-hamper/,adlers
Medium Hamper,666.0,,https://adlersden.com/product/medium-hamper/,adlers
Diwali Special Gift Hamper,1047.0,,https://adlersden.com/product/diwali-special-gift-hamper/,adlers
Diwali Dessert Gift Hamper,1694.0,,https://adlersden.com/product/diwali-dessert-gift-hamper/,adlers
Christmas Basket Hamper,1904.0,,https://adlersden.com/product/buy-new-year-chocolate-gift-hampers/,adlers
Christmas Gourmet Gift Box,1190.0,,https://adlersden.com/product/christmas-gourmet-gift-box/,adlers
Christmas Tree Chocolate Box,132.0,,https://adlersden.com/product/christmas-tree-chocolate-box/,adlers
Special Grand Hamper,4190.0,,https://adlersden.com/product/special-grand-hamper/,adlers
Gift Collection of Healthy Nuts & Berries,1142.0,,https://adlersden.com/product/gift-collection-of-healthy-nuts-berries-2/,adlers
Special Christmas Hamper,761.0,,https://adlersden.com/product/special-christmas-hamper/,adlers
Christmas Chocolate Crayons Gift Box,666.0,,https://adlersden.com/product/christmas-chocolate-crayons-gift-box/,adlers
Diwali Happiness In Mini Jars Gift Box,876.0,,https://adlersden.com/product/diwali-happiness-in-mini-jars-gift-box/,adlers
Diwali Trunkful of Chocolates,1101.0,,https://adlersden.com/product/diwali-trunkful-of-chocolates/,adlers
Diwali Gourmet Gift Trunk,1143.0,,https://adlersden.com/product/diwali-gourmet-gift-trunk/,adlers
Sinful Chocolate Gift Box,1332.0,,https://adlersden.com/product/diwali-sinful-chocolate-gift-box/,adlers
Diwali Suave Gift Box,1332.0,,https://adlersden.com/product/diwali-suave-gift-box/,adlers
Diwali Gourmet Gift Box,1237.0,,https://adlersden.com/product/diwali-gourmet-gift-box/,adlers
Diwali Artisan Chocolates Gift Box,1332.0,,https://adlersden.com/product/diwali-artisan-chocolates-gift-box/,adlers
Diwali Classic Gift Box,1142.0,,https://adlersden.com/product/diwali-classic-gift-box/,adlers
Diwali Premium Gift Box,1332.0,,https://adlersden.com/product/diwali-premium-gift-box/,adlers
Sugar-Free Chocolate Bar,494.0,,https://adlersden.com/product/sugar-free-chocolate-bar/,adlers
Mini Peanut Clusters (In Milk Chocolate),361.0,,https://adlersden.com/product/mini-peanut-clusters-in-milk-chocolate/,adlers
Eco-Friendly Chocolate Ganesha – Fearless (अभय),13334.0,,https://adlersden.com/product/eco-friendly-chocolate-ganesha/,adlers
Mini Peanut Clusters (In Dark Chocolate),361.0,,https://adlersden.com/product/mini-peanut-clusters-in-dark-chocolate/,adlers
Chocolate Bar,428.0,,https://adlersden.com/product/chocolate-bar/,adlers
Cute Delectable Baby Shower Hamper,3856.0,,https://adlersden.com/product/cute-delectable-baby-shower-hamper/,adlers
Big Hamper (Vegan),106.0,,https://adlersden.com/product/big-hamper-vegan/,adlers
Medium Hamper (Sugar Free),106.0,,https://adlersden.com/product/medium-hamper-sugar-free/,adlers
Big Hamper (Sugar Free),106.0,,https://adlersden.com/product/big-hamper-sugar-free/,adlers
Big Hamper,106.0,,https://adlersden.com/product/big-hamper/,adlers
Medium Hamper (Vegan),106.0,,https://adlersden.com/product/medium-hamper-vegan/,adlers
Delectable Assortment Prasad Box of Chocolate Modaks,618.0,,https://adlersden.com/product/delectable-assortment-box-of-chocolate-modaks/,adlers
Scrumptious Prasad Box of Nutty Chocolate Modaks,570.0,,https://adlersden.com/product/scrumptious-box-of-nutty-chocolate-modaks/,adlers
Keto-Friendly Modak Prasad Box – Sugar Free,285.0,,https://adlersden.com/product/keto-friendly-modak-box-sugarfree/,adlers
Ganpati Dessert Prasad Hamper,904.0,,https://adlersden.com/product/ganpati-dessert-gift-hamper/,adlers
Healthy Nutritious Modak Prasad Box,475.0,,https://adlersden.com/product/healthy-nutritious-modak-box/,adlers
Dalgona Coffee Chocolate Dessert (In White Chocolate),409.0,,https://adlersden.com/product/dalgona-coffee-chocolate-dessert/,adlers
Irresistible Valentine’s Day Dessert Gift Hamper,1551.0,,https://adlersden.com/product/dessert-gift-hamper/,adlers
Special Gift Hamper,904.0,,https://adlersden.com/product/special-gift-hamper/,adlers
Valentine’s Day Suave Gift Hamper,1094.0,,https://adlersden.com/product/suave-gift-hamper/,adlers
Kolkata Meetha Paan Dessert (In White Chocolate),399.0,,https://adlersden.com/product/kolkatta-meetha-paan-dessert-in-white-chocolate/,adlers
Diwali Gift Collection of Healthy Nuts & Berries,1237.0,,https://adlersden.com/product/gift-collection-of-healthy-nuts-berries/,adlers
Tags,48.0,,https://adlersden.com/product/tags/,adlers
Artisan Chocolate Modak Prasad Box with 21 Modaks,618.0,,https://adlersden.com/product/artisan-chocolate-modak-box-with-21-modaks/,adlers
Suave Gift Box,1190.0,,https://adlersden.com/product/suave-gift-box/,adlers
Gourmet Gift Box,1190.0,,https://adlersden.com/product/gourmet-gift-box/,adlers
Artisan Chocolates Gift Box,1190.0,,https://adlersden.com/product/artisan-chocolates-gift-box/,adlers
Classic Gift Box,951.0,,https://adlersden.com/product/classic-gift-box/,adlers
Trunkful of Chocolates,1101.0,,https://adlersden.com/product/trunkful-of-chocolates/,adlers
Sinful Chocolate Gift Box,1190.0,,https://adlersden.com/product/sinful-chocolate-gift-box/,adlers
Gourmet Gift Trunk,1237.0,,https://adlersden.com/product/gourmet-gift-trunk/,adlers
Nutri-Bar (In Dark Chocolate),123.0,,https://adlersden.com/product/nutri-bar-in-dark-chocolate/,adlers
Happiness In Mini Jars Gift Box,713.0,,https://adlersden.com/product/happiness-in-mini-jars-gift-box/,adlers
Masala Dates,285.0,,https://adlersden.com/product/masala-dates/,adlers
Chilli Mango,456.0,,https://adlersden.com/product/chilli-mango/,adlers
Trail Mix,294.0,,https://adlersden.com/product/trail-mix/,adlers
Zebra Mix,294.0,,https://adlersden.com/product/zebra-mix/,adlers
Multi-Seeds Mix,342.0,,https://adlersden.com/product/multi-seeds-mix/,adlers
The Walnut Brownie Chocolate Dessert,380.0,,https://adlersden.com/product/the-walnut-brownie-chocolate-dessert/,adlers
Plain Raisins,123.0,,https://adlersden.com/product/plain-raisins/,adlers
Roasted Pistachios,247.0,,https://adlersden.com/product/roasted-pistachios/,adlers
Barbeque Almonds,361.0,,https://adlersden.com/product/barbeque-almonds/,adlers
Plain Cashews,190.0,,https://adlersden.com/product/plain-cashews/,adlers
Sea Salt Cashews,361.0,,https://adlersden.com/product/sea-salt-cashews/,adlers
Herbed Cashews,380.0,,https://adlersden.com/product/herbed-cashews/,adlers
Paneer Tikka Cashews,380.0,,https://adlersden.com/product/paneer-tikka-cashews/,adlers
Rose Praline Barks (In Dark Chocolate),380.0,,https://adlersden.com/product/rose-praline-barks/,adlers
California Almonds,209.0,,https://adlersden.com/product/california-almonds/,adlers
Tuiles (Sugar Free),285.0,,https://adlersden.com/product/tuiles-sugar-free/,adlers
Mendiants (Sugar Free),285.0,,https://adlersden.com/product/mendiants/,adlers
Hot Chocolate Stick (Sugar Free),94.0,,https://adlersden.com/product/chocolate-stick/,adlers
Oreo Cashews (In White Chocolate),380.0,,https://adlersden.com/product/oreo-cashews-in-milk-chocolate/,adlers
Date and Coconut Thins (Sugar-Free),437.0,,https://adlersden.com/product/date-and-coconut-thins/,adlers
Date and Walnut Thins (Sugar Free),437.0,,https://adlersden.com/product/date-and-walnut-thins/,adlers
Mint Thins (Sugar Free),418.0,,https://adlersden.com/product/mint-thins/,adlers
Intense Orange Barks (Sugar Free),437.0,,https://adlersden.com/product/intense-orange-barks/,adlers
Rocky Road Bites (Sugar Free),523.0,,https://adlersden.com/product/rocky-road-bites/,adlers
Almond Rochers (Sugar Free),437.0,,https://adlersden.com/product/almond-rochers/,adlers
Black Currant Squares (Sugar Free),475.0,,https://adlersden.com/product/black-current-squares/,adlers
Crunchy Chocolate Bites (Sugar Free),275.0,,https://adlersden.com/product/crunchy-chocolate-bites/,adlers
Cookie Chocolates (Sugar Free),218.0,,https://adlersden.com/product/cookie-chocolates/,adlers
Badaam Elaichi Stick (In White Chocolate),75.0,,https://adlersden.com/product/badam-elaichi-stick-in-white-chocolate/,adlers
Almond Rochers (In Dark Chocolate),370.0,,https://adlersden.com/product/almond-rochers-in-dark-chocolate/,adlers
Mint Thins (In Dark Chocolate),285.0,,https://adlersden.com/product/mint-thins-in-dark-chocolate/,adlers
Date & Walnut Thins (In Dark Chocolate),437.0,,https://adlersden.com/product/date-walnut-thins-in-dark-chocolate/,adlers
Date & Coconut Thins (In Dark Chocolate),323.0,,https://adlersden.com/product/date-coconut-thins-in-dark-chocolate/,adlers
Chocolate Coated Raisins,570.0,,https://adlersden.com/product/chocolate-coated-raisins/,adlers
Chocolate Coated Cashews,599.0,,https://adlersden.com/product/chocolate-coated-cashews/,adlers
Hot Chocolate Stick (In Dark Chocolate),66.0,,https://adlersden.com/product/hot-chocolate-stick-in-dark-chocolate/,adlers
Tangy Masala Cranberries,351.0,,https://adlersden.com/product/tangy-masala-cranberries/,adlers
Tangy Masala Orange,380.0,,https://adlersden.com/product/tangy-masala-orange/,adlers
Chilli Guava,428.0,,https://adlersden.com/product/chilli-guava/,adlers
Chocolate Coated Crunchies,561.0,,https://adlersden.com/product/chocolate-coated-crunchies-2/,adlers
Chocolate Coated Almonds,618.0,,https://adlersden.com/product/chocolate-coated-almonds/,adlers
Cardamom Raisins,285.0,,https://adlersden.com/product/cardamom-raisins/,adlers
Chatpata Raisins,218.0,,https://adlersden.com/product/chatpata-raisins/,adlers
Chatpata Black Grapes,275.0,,https://adlersden.com/product/chatpata-black-grapes/,adlers
Mendiants (In Milk Chocolate),237.0,,https://adlersden.com/product/mendiants-in-milk-chocolate/,adlers
Tuiles (In Dark Chocolate),237.0,,https://adlersden.com/product/tuiles-in-dark-chocolate/,adlers
Peppered Cashews,370.0,,https://adlersden.com/product/peppered-cashews/,adlers
Fiery Red Cashews,370.0,,https://adlersden.com/product/fiery-red-cashews/,adlers
Betel/Paan Flavoured Raisins,228.0,,https://adlersden.com/product/betel-paan-flavoured-raisins/,adlers
Intense Orange Barks (In Dark Chocolate),285.0,,https://adlersden.com/product/intense-orange-barks-in-dark-chocolate/,adlers
Rocky Road Bites (Dark Chocolate),361.0,,https://adlersden.com/product/rocky-road-bites-dark-chocolate/,adlers
Black Currant Squares (Dark Chocolate),370.0,,https://adlersden.com/product/black-current-squares-dark-chocolate/,adlers
Sea Salt Almonds,332.0,,https://adlersden.com/product/sea-salt-almonds/,adlers
Crunchy Chocolate Bites (Dark Chocolate),228.0,,https://adlersden.com/product/crunchy-chocolate-bites-dark-chocolate/,adlers
Cookie Chocolates (Dark Chocolate),132.0,,https://adlersden.com/product/cookie-chocolates-dark-chocolate/,adlers
