name,price,rating,reviews,url,source
"Gourmet Chocolate Box | M&M Chocolates, Premium Gourmet Chocolates & Sweet Treats in Cane Basket | Valentine's, Corporate...",2945.0,,,https://www.amazon.in/dp/B0CKDWSFQN,amazon
"Ferrero Rocher Premium Chocolates 24 Pieces, 300 g",843.0,4.4,,https://www.amazon.in/dp/B07G9GDQJD,amazon
"Ferrero Rocher, 16 Pieces, 200 gm",489.0,4.4,,https://www.amazon.in/dp/B00BYQEIL6,amazon
"Lindt Swiss Luxury Selection Assorted Chocolates, Chocolate Gift Box, Great for gift giving, 5.1 oz Gift Box",1899.0,4.1,,https://www.amazon.in/dp/B0CRSV697Q,amazon
Dubai Chocodates – Premium Assorted Chocolate Covered Dates with Nuts – Gourmet Gift Box – Made in UAE – 140g,298.0,3.6,,https://www.amazon.in/dp/B0FV3HYLXK,amazon
CHOKOTABS+ Tabs Chocolate for Men and Women | Premium tabs Dark Chocolate for Couple | Perfect Gourmet Chocolate Gift Box ...,284.0,5.0,,https://www.amazon.in/dp/B0GQ2HNKK1,amazon
"Open Secret Chocolate Celebration Gift Box | 12 Cookies Assortment | Premium Gourmet Cookie Gift Hamper | White Cashew, Ch...",278.0,4.2,,https://www.amazon.in/dp/B08KF3QKZ6,amazon
Loyka Choco Gourmet Dates - Gifting Hamper - Seedless Chocolate Coated Khajoor - Dry fruit Gift Box - 200gm,299.0,4.2,,https://www.amazon.in/dp/B0CZRRYF2G,amazon
"THE GIFT STUDIO.COM Indi Gourmet Gift Hamper with Premium Indian-Inspired Snack Box, Mixed Nuts, Chocolates, Cookies, Hone...",2709.0,5.0,,https://www.amazon.in/dp/B0FFBF3YVL,amazon
"THE GIFT STUDIO.COM Chocolate Bliss Hamper | Lindt, Brittles & More | Gourmet Sweet Treats Gift Box for Chocolate Lovers",2999.0,4.0,,https://www.amazon.in/dp/B0FLDPFYC7,amazon
Loyka Almond Florentine/Chocolate Almond Box - 12 pcs | Premium Chocolate Gift Hamper | Choco & Nut Dryfruit Delicacy | Ca...,359.0,4.2,,https://www.amazon.in/dp/B0C1C9RC4B,amazon
Gourmet Chocolate Gift Hamper - 15 Items Luxurious Assorted Chocolate Gift Box | Premium Festive Chocolate Hamper | Valent...,5890.0,,,https://www.amazon.in/dp/B0FT3S5PXF,amazon
WINNI - Deluxe Imported 12 Pcs Truffle Chocolate Gift Pack | Belgian Dark Chocolates Gift | Premium Handmade Chocolates Gi...,499.0,4.4,,https://www.amazon.in/dp/B0G6YG8H8H,amazon
Lindt Exotic Milk Truffles Chocolate Gift Box - 200 Grams Pack,849.0,4.0,,https://www.amazon.in/dp/B0120JMATC,amazon
"Ferrero Rocher Moments, 16 Pcs Chocolate,92.8 Gram",230.0,4.4,,https://www.amazon.in/dp/B0C8NM93L8,amazon
"CookieMan Premium Center Filled Truffle Chocolates Gift Pack, Assorted Box of 12 Pcs – Hazelnut, Strawberry, English Toffe...",359.0,3.9,,https://www.amazon.in/dp/B09J912FNG,amazon
"BILZEN Gourmet Assorted (Milk, Dark & White) Chocolates with Dates and Roasted Almonds Gift Box I No Preservative | No Add...",299.0,4.6,,https://www.amazon.in/dp/B0CKHTDMKW,amazon
"4700BC Gourmet Popcorn, Combo box, 325gm (3 Tins: 1 Hawaiian Barbeque Cheese, 1 Himalayan Salt Caramel and 1 Nutty Tuxedo ...",710.0,4.3,,https://www.amazon.in/dp/B074DYR8NF,amazon
"Dalmond Truffles Handmade Almond Date Chocolates Gift Box and Chocolates Gift Pack -12 Pcs, Assorted - Dark, Milk & White ...",499.0,4.2,,https://www.amazon.in/dp/B0854D68PX,amazon
"Bilzen Assorted Gourmet Dates Kunafa Chocolates Gift Box | 9 Piece, Pack of 1 (Assorted Chocolate)",399.0,,,https://www.amazon.in/dp/B0GNHQGNHS,amazon
"SMOOR Assorted Chocolate Thins, Premium Gift Pack of 25, Gourmet Selection | Perfect for Wedding, Birthday, Anniversary, G...",601.0,4.2,,https://www.amazon.in/dp/B0FMY4GLYG,amazon
"Lindt Swiss Luxury Selection Assorted Chocolates, Chocolate Gift Box, Great for gift giving, 193g oz Gift Box",2299.0,4.3,,https://www.amazon.in/dp/B0CVV2W5FM,amazon
"THE GIFT STUDIO.COM Midnight Stash Premium Snack Gift Hamper | Smoked Almonds, Roasted & Salted Cashews, Cashew Brittle, C...",989.0,4.0,,https://www.amazon.in/dp/B0FC32QCMK,amazon
Chokola Almond Praline Dessert Squares 90g – Almond Sponge Cake Enrobed in Dark Chocolate | Gourmet Chocolate Hamper | Pre...,327.0,,,https://www.amazon.in/dp/B0GTMM1LTK,amazon
Lindt Swiss Thins Dark Chocolate 125g By COUGAR – Extra Fine Thin Squares with 52% Cocoa – Premium Swiss Dark Chocolate Bo...,1498.0,,,https://www.amazon.in/dp/B0GQGNYYXP,amazon
WINNI - Premium 24 Pcs Truffle Chocolates Gift Pack | Belgian Dark Chocolates Gift | Handmade Celebration Chocolate Gift B...,899.0,4.2,,https://www.amazon.in/dp/B0GNM3B5YZ,amazon
Pure Temptation Chocoblast Choco-Filled Waffle Cones (20 Pcs) | Individually Wrapped Gourmet Chocolate Cone Bites | Assort...,449.0,3.7,,https://www.amazon.in/dp/B0BRSVV7JW,amazon
4700BC Nutty Tuxedo Chocolate Popcorn | Gifting Tin | 150g,186.0,4.1,,https://www.amazon.in/dp/B074DXB9SB,amazon
"THE GIFT STUDIO.COM The Valentine Toast Hamper – Love Mail Bento Box with Unvined Shiraz, Lindt Chocolates, Candle & Gourm...",2999.0,,,https://www.amazon.in/dp/B0GGBZMVF4,amazon
TABS Dark Chocolate For Men & Women I Chocolate Gift Box For Husband & wife I Valentine Gift Set For Boyfriend & Girlfrien...,615.0,3.4,,https://www.amazon.in/dp/B0DYF554X6,amazon
Lindt Swiss Thins Orange Milk Chocolate 125g By COUGAR – Extra Fine Thin Squares with Smooth Milk Chocolate & Real Orange ...,1449.0,,,https://www.amazon.in/dp/B0GQGJJMHN,amazon
CHOKOTABS+ Tabs Chocolate for Men and Women | Premium tabs Dark Chocolate for Couple | Best Gourmet Chocolate Gift Box for...,299.0,,,https://www.amazon.in/dp/B0GR1S18L8,amazon
BILZEN Gourmet Dark Chocolates with Dates and Roasted Almonds Gift Box | No Preservative I No Added Sugar |Healthy Snacks...,299.0,4.0,,https://www.amazon.in/dp/B0CKFHLJ6Y,amazon
EROTE Premium Fantasy Dark Chocolate | For Men And Women | Him Her | Gourmet Mini Bars for Gifting & Special Moments | 6 C...,299.0,3.2,,https://www.amazon.in/dp/B0G6173NX4,amazon
Open Secret Chocolate Brownie Gift Box | 5 Mini Gourmet Brownies | Assorted Chocolate Dessert Hamper | Festive Sweets & Ho...,265.0,4.1,,https://www.amazon.in/dp/B0G1CH4FMM,amazon
"Gourmet Exotic Velvet Chocolate Gift Box (12 Items) | Luxury Assorted Chocolate Hamper for Birthday, Anniversary, Holi & V...",6106.0,,,https://www.amazon.in/dp/B0FTSYYQ4R,amazon
CAFORA Gourmet center filling Chocolate Box Assorted Cocoa Treats No Added Preservatives Or Essence Handcrafted Artisan Bo...,349.0,,,https://www.amazon.in/dp/B0GVNV9MCX,amazon
Chokola Chocolate Dessert Squares 90g – Chocolate Sponge Cake Enrobed in Dark Chocolate | Gourmet Chocolate Gift Hamper | ...,272.0,4.5,,https://www.amazon.in/dp/B08D6V3W3F,amazon
Chokola Signature Dessert Square Chocolate Hamper – Premium Sponge Cake Enrobed in Dark Chocolate (Brownie) with Assorted ...,600.0,4.6,,https://www.amazon.in/dp/B0FQTW7YTH,amazon
CAFORA Gourmet Chocolate Box Assorted Cocoa Treats No Added Preservatives Or Essence Handcrafted Artisan Chocolate Collect...,699.0,,,https://www.amazon.in/dp/B0GVNWTJRZ,amazon
"Lindt Lindor Milk Chocolate Gift Pack 75g, By COUGAR – Passionnement Fondant Lait Truffles with Smooth Melting Center – Pr...",599.0,,,https://www.amazon.in/dp/B0GQHDLG7D,amazon
Chokola Cosmos Premium Chocolate Hamper 400g – Dark Chocolate Coated Almonds & Assorted Nuts Dragees | Chocolate Dryfruits...,1399.0,4.1,,https://www.amazon.in/dp/B0BHF6NG17,amazon
"Choco Palace Chocostick Variety Pack | Assorted Premium Wafer Chocolate Bites – Almond, Saffron, Orange, Caramel, Mango & ...",1499.0,,,https://www.amazon.in/dp/B0FY3ND7LN,amazon
WINNI - Luxury 24 Pcs Truffle Chocolates Gift Pack | Belgian Dark Chocolates Gift | Handmade Celebration Chocolate Gift Bo...,899.0,4.7,,https://www.amazon.in/dp/B0GSQCF6G1,amazon
"4700BC Gourmet Popcorn Gift Box (4 Tins – BBQ Cheese, Salted Caramel, Mocha Walnut & Nutty Tuxedo Chocolate, 460g) | Premi...",977.0,4.4,,https://www.amazon.in/dp/B07H8WKF5V,amazon
Entisi Nutties Chocolates - Hazelnut Chocolate Coated Crunchy Dragees Jar - Gourmet Chocolate Nuts - Gift Jar - Smooth & C...,450.0,5.0,,https://www.amazon.in/dp/B0FY2G4R53,amazon
"SMOOR Premium Celebration Box of 20 | Chocolates Gift Pack Gifting best for Wedding, Birthday, Anniversary, Gifting & Snac...",616.0,4.2,,https://www.amazon.in/dp/B08QPWK7LV,amazon
Lindt Swiss Premium Assorted Napolitans Dark Chocolate Finest Collection Of Swiss Chocolate Gift Box individually wrapped ...,1760.0,4.4,,https://www.amazon.in/dp/B09W1F9MKM,amazon
Lindt Lindor Assorted Chocolate Truffle Gift Box 200-Gm,794.0,4.1,,https://www.amazon.in/dp/B07WZLKRV1,amazon
CookieMan Premium Chocolate Gift Pack | 25 Piece Chocolate Pack filled with Hazelnut Strawberry English Toffee | Luxury Ch...,584.0,4.8,,https://www.amazon.in/dp/B0DHX5RLJV,amazon
Loyka Hazelnut Florentine Box - 12 pcs | Premium Chocolate Gift Hamper | Choco & Nut Dryfruit Delicacy | Caramalised Hazel...,399.0,4.3,,https://www.amazon.in/dp/B0C1CDWSJR,amazon
"CookieMan Premium Chocolate Gift Box – 25 Center-Filled Chocolates, 275g | Indulgent Hazelnut, Strawberry & English Toffee...",585.0,3.9,,https://www.amazon.in/dp/B09J91LBPN,amazon
Loyka Bageecha Gift Box | Assorted Premium Chocolate & Nuts Hamper | Choco & Dryfruit Delicacy | Gift for New Year Weddin...,649.0,4.5,,https://www.amazon.in/dp/B0CJVDBDWD,amazon
7 BAZAARI Dubai Kunafa Chocolate Dates – 12 Pcs Premium Pistachio Dates Filled with Crispy Kunafa & Coated in Dark Chocola...,599.0,4.3,,https://www.amazon.in/dp/B0GRNGCN73,amazon
Pure Temptation Chocoblast Celebration Gift Box | 8 Chocolate-Filled Waffle Cones | Premium Chocolate Box for Gift | Choco...,297.0,4.2,,https://www.amazon.in/dp/B0FGQK44WC,amazon
"7 BAZAARI Authentic Dubai Chocolate Pistachio Kunafa Dessert, 10Pcs – Made with Premium Milk Chocolate & American Pistachi...",393.0,3.4,,https://www.amazon.in/dp/B0F7QNPW75,amazon
WINNI - Super Premium 24 Pcs Truffle Chocolates Gift Pack | Belgian Dark Chocolates Gift | Handmade Celebration Chocolate ...,899.0,4.2,,https://www.amazon.in/dp/B0GPPNDTVT,amazon
"Loyka Peach Gift Box | Assorted Premium Chocolate Hamper | Gift for Birthdays, Anniversary, Wedding | Almond Brittle Gold,...",899.0,4.1,,https://www.amazon.in/dp/B0B5P21QV6,amazon
"Cadbury Studio Signature Pralines Gianduja Hazelnut Chocolate Gift Pack, 130 g",356.0,4.2,,https://www.amazon.in/dp/B0DDCTNK2R,amazon
"Dessert Spring Happy Birthday Chocolate Gift Box, 185g Assorted Premium Pralines, Luxury 16pc Milk & Dark Chocolate Hampe...",249.0,4.5,,https://www.amazon.in/dp/B0DJRHCMMK,amazon
"Ferrero Collection Premium Assorted Chocolates Gift Box 269g By COUGAR | Includes Ferrero Rocher, Raffaello & Dark Chocola...",1696.0,5.0,,https://www.amazon.in/dp/B0GJT3YBXC,amazon
LOYKA Almond Brittle Gold Choco Box 14 Pcs (Pack of 1) | Premium Chocolate Gift Hamper|Choco & Nut Dryfruit Delicacy|Roast...,445.0,4.6,,https://www.amazon.in/dp/B08P4BVTFK,amazon
Barquillo Premium Pistachio Coated Chocolate - 10 Pcs (200 gm) Tin | Pista Cream Filled Biscuit Roll imported | Dubai couv...,673.0,4.1,,https://www.amazon.in/dp/B0CK77N4VZ,amazon
Pure Temptation Chocoblast Celebration Gift Box | 196g Chocolate-Filled Waffle Cones | Premium Chocolate Gift Hamper for M...,449.0,4.2,,https://www.amazon.in/dp/B0FGJVSHMS,amazon
"Cadbury Celebrations Premium Selections Chocolates Diwali Gift Pack,268 Gram",190.0,4.3,,https://www.amazon.in/dp/B07F2KKDD5,amazon
Ferrero Rocher Premium Milk Chocolate (300g) - 24 Pieces,879.0,4.4,,https://www.amazon.in/dp/B00WUE5VSA,amazon
"Cadbury Dairy Milk Silk Miniatures Premium Assorted Chocolate Gift pack, 240 g",562.0,4.5,,https://www.amazon.in/dp/B0GGDGRQD7,amazon
"Ferrero Rocher T8,Hazelnut,100 Gm",303.0,4.3,,https://www.amazon.in/dp/B0893HZQP8,amazon
Loyka Almond Brittle Assorted Choco Box - 28 Pcs| Premium Chocolate Gift Hamper | Chocolate & Nut Dryfruit Delicacy | Roas...,899.0,4.3,,https://www.amazon.in/dp/B0B4STXRCT,amazon
WINNI - Premium 24 Pcs Hazelnut Chocolates Gift Pack | Belgian Dark Chocolates Gift | Handmade Celebration Chocolate Gift ...,999.0,5.0,,https://www.amazon.in/dp/B0GPH2RS7C,amazon
"Barquillo Assorted Premium Chocolate Gift Pack Box - 9 Pcs (180 gm) | Roasted Almonds, Hazelnut and Pistachio imported | D...",649.0,3.9,,https://www.amazon.in/dp/B0CKTL8S18,amazon
Loyka Almond Brittle Gold Choco Box - 8 pcs 116gm | Premium Chocolate Gift Hamper | Chocolate & Nut Dryfruit Delicacy | Ro...,313.0,4.4,,https://www.amazon.in/dp/B0B68697VN,amazon
"Ferrero Collection T24 Chocolate, Imported Chocolates, Ideal For Gifting, Birthday Gift, Croquante Nut, Chocolate Collecti...",1523.0,4.2,,https://www.amazon.in/dp/B089NRMFML,amazon
"Cacao Springs Assorted Brittle Collection Choco Box (Almonds, Cashew, Pista & Rose), Combo Choco & Nut Delicacy Treats, Pr...",640.0,4.3,,https://www.amazon.in/dp/B0DSBM2L2G,amazon
"SMOOR Luxe Treat Box of 16 | Premium Assorted Chocolate Gift Box for Celebration, Wedding, Birthday, Anniversary, Gifting,...",540.0,4.5,,https://www.amazon.in/dp/B0FP2PQMH3,amazon
Hyperfoods® Valentine'S Chocolate Gift Hamper 175G Tin Box Valentine Gifts Valentine Gift For Girlfriend Valentines Gift F...,299.0,5.0,,https://www.amazon.in/dp/B0D9JSJC3V,amazon
"Loyka Dubai Pistachio Kunafa Chocolate Bar, 50% Milk Chocolate, Creamy Pistachio & Crunchy Kunafa, Middle Eastern Sweet, P...",399.0,3.8,,https://www.amazon.in/dp/B0F62Z85KL,amazon
"SMOOR Assorted Choco Truffles Box | Milk Chocolate with Centre Filling | Premium Chocolate for Wedding, Birthday, Annivers...",124.0,4.4,,https://www.amazon.in/dp/B0BFQC78J4,amazon
Chokola Cosmos Premium Chocolate Hamper 400g – Dark Chocolate Coated Almonds & Assorted Nuts Dragees | Festive Chocolate G...,1399.0,4.0,,https://www.amazon.in/dp/B0F7LQVSW5,amazon
"Cadbury Celebrations Premium Selections Chocolate Gift Pack, 339 gram",,4.3,,https://www.amazon.in/dp/B0C8V82H6R,amazon
Pure Temptation Chocoblast Choco-Filled Waffle Cones [20 Pc] Snacks for Kids & Adults- Non-Meltable Gift Pack - Individual...,449.0,4.2,,https://www.amazon.in/dp/B0CP64CQQ4,amazon
"SFU E Com Assorted Chocolate Gift Hamper | Chocolate Gift For Birthday, Anniversary, Valentine, Diwali, Rakhi, New Year | ...",419.0,3.3,,https://www.amazon.in/dp/B0CSWPX6SM,amazon
"Butterfly Chocolate Gift Hamper with Dairy Milk Bars and Love Heart Chocolates, Valentine's Day Special, 8 Pieces",299.0,,,https://www.amazon.in/dp/B0GLZXWNB1,amazon
"Astonished Retail Chocolate Gift Hamper with Metal Cart Basket | Chocolate Gift Hamper for Diwali, Birthday, Holi, Rakhi, ...",549.0,4.1,,https://www.amazon.in/dp/B08L1V54CB,amazon
"HARIBAS Premium Chocolate Gift Pack, Assorted Chocolates and Cookies Hamper Diwali Gift Pack – 7‑in‑1",299.0,4.6,,https://www.amazon.in/dp/B0FNJWJJQP,amazon
Astonished Retail Chocolate Gift Hamper with Multipurpose Basket|Chocolate Gift Collection|Chocolate Gift To Gift Your Lov...,399.0,4.2,,https://www.amazon.in/dp/B08L1RRM2V,amazon
Food Essential Chocolate Gift Hamper Basket for Family/Friend/Corporate/Wedding/Diwali/Christmas/New Year/Bhai Dooj/Rakhi...,654.0,3.7,,https://www.amazon.in/dp/B0CNRXL7SW,amazon
"SFU E Com Chocolate with Cute Teddy Hamper | Gift for Holi, Rakhi, Diwali, Anniversary, Birthday, Christmas, Valentine, He...",151.0,3.9,,https://www.amazon.in/dp/B07T3K3RJ7,amazon
"Chocoloony Chocolate Gift Hamper Basket with 40 pcs Milk Chocolate (240gm) for Gift Sister, Wife and Girlfriend",475.0,4.1,,https://www.amazon.in/dp/B08KYFVZ11,amazon
"Astonished Retail Astonished Dairy Milk Silk Flavored Chocolates with Handmade Basket | Chocolate Gift Hamper for Diwali, ...",619.0,4.3,,https://www.amazon.in/dp/B08L1S39MF,amazon
Butterfly Chocolate Gift Hamper For | Birthday | Cadbury dairymilk 13.2gm × 14 Cadbury five star 19.5gm × 14 Kitkat 20.5 g...,949.0,2.2,,https://www.amazon.in/dp/B0BY999T3K,amazon
"FlowerAura Love Hamper of Fresh Live 4 Mix Flowers with 19 Mix Chocolates in Basket for Birthday, Valentine's Day Gift for...",2349.0,4.2,,https://www.amazon.in/dp/B0DV338Q9F,amazon
"BREAK The Chocolate Chocolate Gift Hamper To Gift Someone Special in Happy Birthday, Anniversary, Thanks giving, Father's ...",299.0,,,https://www.amazon.in/dp/B0GDQRH5Z7,amazon
"Cadbury Celebrations Assorted Chocolate Gift Pack, 141.68 g",145.0,4.2,,https://www.amazon.in/dp/B07F2G714R,amazon
"Bakingo Premium Gift Hamper of Wheat Crackers, Almond Rocks, Jeera Cookies, French Hearts, Chocolate Barks, Candle For Bir...",1439.0,5.0,,https://www.amazon.in/dp/B0FVX7WSWM,amazon
"Astonished Retail Astonished Lovely Surprise for Birthday Boy and Birthday Girl | Chocolate Gift Hamper for Diwali, Birthd...",499.0,4.0,,https://www.amazon.in/dp/B08L1V5DBX,amazon
"Omay Foods 6 Pcs Wonderful Delights Healthy Gift Hamper | Snacks, Chocolate & Potpourri | Corporate Gift for Clients & Emp...",516.0,3.8,,https://www.amazon.in/dp/B08ZB5FQVM,amazon
"Cadbury Studio Signature Pralines Brownie Aux Noix Chocolate Gift Pack, 130 g",352.0,4.2,,https://www.amazon.in/dp/B0DDCSWYG8,amazon
"SFU E Com Assorted Chocolate Gift Hamper | Chocolate Gift For Birthday, Anniversary, Valentine, Diwali, Rakhi, New Year | 011",319.0,3.2,,https://www.amazon.in/dp/B0CSWPL8DY,amazon
Butterfly Chocolate Gift Hamper For | Birthday | Rakhi| Diwali | Cadbury dairymilk 13.2gm × 18 | purple tissue flower x 20...,625.0,2.6,,https://www.amazon.in/dp/B0CMQ75Q1Y,amazon
"SFU E Com Cadbury Chocolate Gift Combo|Gift for Holi, Rakhi, Diwali, Birthday, Anniversary, Valentine, Him, Her|Chocolate ...",209.0,4.0,,https://www.amazon.in/dp/B07PT78QJK,amazon
"Food Library The Magic Of Nature Assorted Gourmet Food Gift Hamper Basket | Premium Diwali & Festive Gift Box for Family, ...",735.0,4.0,,https://www.amazon.in/dp/B0BCWPGR92,amazon
"Amul Chocomini Chocolate, 250 Gm",127.0,4.4,,https://www.amazon.in/dp/B08G5FTVMF,amazon
Loyka Almond Brittle Assorted Choco Box - 8 pcs 116gm | Premium Chocolate Gift Hamper | Choco & Nut Dryfruit Delicacy | Ro...,299.0,4.3,,https://www.amazon.in/dp/B0BF4FXP8L,amazon
WINNI - 3 Pack Deluxe Chocolate Bar Gift Hamper | Premium Choco Bars Gift Pack | Belgian Dark Chocolates Gift | Chocolate ...,499.0,4.4,,https://www.amazon.in/dp/B0CNSWFM2D,amazon
Hyperfoods® Valentines Day Gifts For Girlfriend Chocolates Gift Hamper Chocolate Pack Sapphire Hazelfills 16 Pcs Chocolate...,299.0,3.6,,https://www.amazon.in/dp/B0D9JT9PLC,amazon
Assorted Chocolates Gift Basket with Decorative Net Basket | Chocolate Gift Hamper,259.0,,,https://www.amazon.in/dp/B0GCFFBW3G,amazon
"SFU E Com Overloaded Crunchy Kitkat Chocolate Box | Chocolate Gift Hamper For Rakhi, Diwali, Christmas, New Year, Birthda...",239.0,3.9,,https://www.amazon.in/dp/B0CDV9SJ5D,amazon
"FlowerAura Festival Gift Hamper of Set of 4 Assorted Flavor Chocolate Packs In Box For Diwali Gift, Corporate Gift, Bhaido...",899.0,,,https://www.amazon.in/dp/B0DKNWTYSD,amazon
"Open Secret Premium Gift Hamper | Combo of 5 | Dry Fruit Gift Box, Chocolate Gifts, Dry Fruits, Healthy Premium Hamper, Gi...",281.0,3.3,,https://www.amazon.in/dp/B0B53ZRB72,amazon
"Creamy Dairy Milk Silk with Chocolaty Dark Fantasy | Dairy Milk Chocolate Basket | Chocolate Gift Hamper for Holi, Rakhi, ...",549.0,,,https://www.amazon.in/dp/B0G2YR4M1Q,amazon
"Cadbury Celebrations Assorted Chocolate Diwali Gift Pack, 144.1 gram",95.0,4.3,,https://www.amazon.in/dp/B07FHDDK1M,amazon
"YUM YUM Dry fruits combo 150g Each Pack of 5 Badam, Kaju, Pista, Kishmish & Akhrot 750g - Almonds, Cashews, Pistachios, Ra...",825.0,3.9,,https://www.amazon.in/dp/B0CMV1DSJ4,amazon
"Farmley Dark Choco Orange Date Bites 200g I Dates Barfi Made with Dates,Cocoa Powder,Pista,Cashews,Almonds,Honey,Orange an...",309.0,4.4,,https://www.amazon.in/dp/B0DT9QKBLW,amazon
"Paper Boat Absolute Health Dry Fruits Mix, Premium Trail Mix | Healthy Mixed Nuts with Dry Fruits | Almonds | Cashews | Cr...",1088.0,4.2,,https://www.amazon.in/dp/B09QGTVT5B,amazon
Leeve Dry Fruits Brand Chocolates | Combo Pack | Cashew Chocolate Coated | Nuts | 200 gram Pack | Chocolate Covered Raisin...,529.0,5.0,,https://www.amazon.in/dp/B0B8N5JR56,amazon
"Diwali Gift Box Hamper Almond,Cashew,Raisin,Pistachio,Chocolates -Diwali Dry Fruit with Chocolate Combo Pack for Employee...",699.0,5.0,,https://www.amazon.in/dp/B0FQP85XSF,amazon
Leeve Dry Fruits Brand Chocolates | Combo Pack | Dates Chocolate Coated | Nuts | 200 gram Pack | Chocolate Covered Raisins...,499.0,,,https://www.amazon.in/dp/B0B8N6GG2F,amazon
EAT BETTER CO Anmol Rakhi Gift Hamper - 7 Items Combo Pack - Chocolate Coated Almonds & Cashews - Four packets of Dry Frui...,599.0,4.3,,https://www.amazon.in/dp/B0C61CNDD6,amazon
Leeve Dry Fruits Brand | Premium | Birthday gift Hampers | Fruit Nut Chocolate | 200 Gm | Walnut |Cashew Nut | Gold | Lave...,499.0,5.0,,https://www.amazon.in/dp/B0BNVXT7X2,amazon
"Bhai Dooj Gift Set for Brother- Chocolate and Dry Fruit Combo with Tika/Tikka Set,Tilak,Chawal,Chandan,Mishri,Greeting Car...",399.0,4.0,,https://www.amazon.in/dp/B0FPX1RJKL,amazon
"DeoDap Choco Chocolate Combo – Assorted Nuts Flavored Chocolate Gift Box, Coated Dry Fruits & Crunchy Sweet Treat – Perfec...",249.0,,,https://www.amazon.in/dp/B0FV8J56X3,amazon
Leeve Dry Fruits Brand | Premium | Birthday gift Hampers | Fruit Nut | 200 Gm | Cashew | Almond | Pista | Raisins | Dry Fr...,499.0,4.0,,https://www.amazon.in/dp/B0BN1Y2S5Z,amazon
"Nutty Gritties Dry Fruits Gift Box 400g | Roasted Salted Almonds, Cashew Nuts, Pistachios, Mix Berries,(Each 100g) with Re...",1099.0,4.3,,https://www.amazon.in/dp/B0849QZ7HW,amazon
Rakhi with Dry Fruit Almond and Chocolate Combo Pack with Set of 4 Premium Fancy Rakhi -Super Sweet Rakshabandhan Gift Hamper,679.0,3.2,,https://www.amazon.in/dp/B0FGXZY32N,amazon
Chocolian Premium Chocolate Combo | Dark Almonds & Dark Fruit & Nuts | Rich Indulgent Bars with Real Nuts & Dry Fruits | G...,375.0,3.5,,https://www.amazon.in/dp/B0CWCVZM4D,amazon
Bhai Dooj Gift Hamper Tray with Tikka/Tika Set-Dry Fruit n Chocolate Combo | Super Sweet Premium Gift Hamper for Elder or ...,649.0,4.0,,https://www.amazon.in/dp/B0FPX75ZQS,amazon
"DeoDap Choco Chocolate Combo – Butterscotch & Almond Flavored Chocolate Gift Box, Coated Dry Fruits & Crunchy Sweet Treat...",169.0,,,https://www.amazon.in/dp/B0FV8PYH9Z,amazon
"Oriole Gifts Rakhi Hamper for Brother with 1 Rakhi, 8 Chocolates and Dry Fruits | Rakhi with Gift Combo for Brother and Bh...",849.0,3.6,,https://www.amazon.in/dp/B0DB65ZM2Z,amazon
"DeoDap Choco Chocolate Combo – Butterscotch & Assorted Nuts Flavored Chocolate Gift Box, Coated Dry Fruits & Crunchy Sweet...",169.0,,,https://www.amazon.in/dp/B0FV8RRH1Z,amazon
"BOGATCHI Chocolate Coated Assorted Nuts and Fruits, New Year Special Rich Dry Fruit Collection Gift , 100g + Free New Year...",234.0,3.4,,https://www.amazon.in/dp/B07KT85MQC,amazon
"Pintola High Protein Muesli Dark Chocolate & Cranberry 400g, 24g Protein, High Fibre, Trans Fat Free with Brown Sugar, Rea...",295.0,4.4,,https://www.amazon.in/dp/B0D86Y26XQ,amazon
"Rakhi for Kids Combo Set of 2,Chota Bheem and Cute Bhai Rakhi with Dry Fruit & Chocolate Combo for Kids Boy,Kids Girl,Chil...",399.0,5.0,,https://www.amazon.in/dp/B0D7J3PQGL,amazon
"Leeve Dry Fruits Choco Coated Cashew, Raisin, Almonds (200gm) Combo Pack | High Fiber & Rich In Protein | Chocolate Coated...",1058.0,,,https://www.amazon.in/dp/B0F6NKDMVZ,amazon
"Oriole Gifts Rakhi Hamper for Brother and Bhabhi with Kunafa Chocolates, Dry Fruits Nutties and Almond Brittles | Bhaiya B...",999.0,4.6,,https://www.amazon.in/dp/B0CCF2ZSZ2,amazon
Ruchoks Dates Chocolate | Healthy Sweet Treat | Dry Fruit Chocolate Gift Pack | 10 Pieces Combo | Natural Sweetness Chocolate,310.0,,,https://www.amazon.in/dp/B0FK5169GV,amazon
"Omay Foods 10 Pcs Sparkling Delights Gift Hamper | Healthy Snacks, Dry Fruits, Herbal Tea & Chocolate | Corporate Gift, Em...",765.0,4.1,,https://www.amazon.in/dp/B0BDFTF7BQ,amazon
LEEVE DRY FRUITS Chocochips Cake Twins Chocolate Chips Dark Chocolate Chip Combo 200G,249.0,3.8,,https://www.amazon.in/dp/B01NAYMEFJ,amazon
"Rakhi Gift Set for Brother & Bhabhi,Men,Adult,Younger,Elder Brother – 4 Rakhi Combo with Handmade Chocolates, Almonds & Ti...",679.0,5.0,,https://www.amazon.in/dp/B0FHBHCMBC,amazon
"Bhai Dooj Gift Set for Brother | Dry Fruits (Almond, Cashew, Raisin) & Chocolate Combo with Tilak, Chawal, Greeting Card |...",599.0,,,https://www.amazon.in/dp/B0FPWP5G8D,amazon
"Nutriefoods Premium Tropical Dried Fruit Mix - Blend of Dried Mango, Kiwi, Pineapple, and Oranges (250gm)",342.0,3.8,,https://www.amazon.in/dp/B0CHQQBJGY,amazon
"Rakhi Set of 4 for Brother Family- Super Sweet Premium Pack, RakshaBandhan Gift with Chocolate and Dry Fruit Combo- Premiu...",799.0,5.0,,https://www.amazon.in/dp/B0FFH72J6F,amazon
"Chocolate and Dry Fruit Gift Hamper for Diwali,Employees,Corporate,Clients,Sister,Wedding,Birthday,Anniversary,Return Gift...",379.0,,,https://www.amazon.in/dp/B0FQNPTDJF,amazon
"Rakhi with Dry Fruit and Chocolates for Bhaiya and Bhabhi | Premium Rakhi Set of 2 with Premium Rakshabandhan Gift Hamper,...",849.0,5.0,,https://www.amazon.in/dp/B0D9LM2XSM,amazon
ZOROY LUXURY CHOCOLATE Neel Square Gift Box With Assorted Dry Fruits & Chocolates. Candle Combo Pack for Festive Diwali De...,1656.0,,,https://www.amazon.in/dp/B07XQDZ62G,amazon
"Dry Fruit Hub Dark and White Chocolate Chips Combo 400gms, Dark and White Chocolate Chips Combo Pack,Choco Chips for Cake,...",332.0,3.9,,https://www.amazon.in/dp/B08RJ2TWB5,amazon
"Urban Festivities Rakhi Gift Combo for Brother | 3 Rakhis with 100g Cashews, 100g Almonds & 3 Chocolates | Raksha Bandhan ...",499.0,3.5,,https://www.amazon.in/dp/B0DBJ2YKK2,amazon
"Bhaiya Bhabhi Rakhi Gift Set with Chocolates & Dry Fruits – Rakhi Lumba Combo with Almonds, Cashews, Roli Chawal – Raksha ...",599.0,2.0,,https://www.amazon.in/dp/B0FHDL4DZQ,amazon
Ghasitaram Gifts 5 Part Print Dryfruit Box|Dry Fruit Combo Pack Offer|Dry Fruit Gift Pack|Dry Fruit Box|Diwali Dry Fruit G...,1373.0,4.8,,https://www.amazon.in/dp/B07HYYHPKW,amazon
"""ASM 240 MOMENTZZ Premium Gift Box by The Almond Store | Chocolate Coated Almonds 120g & Black Pepper Cashews 100g | Healt...",450.0,,,https://www.amazon.in/dp/B0FR4R7WNQ,amazon
VT REAL NUTRI Dry fruit And Nut AND chocolate Combo Pack Gift Box/Gift Basket Gift Hamper/for Diwali |Rakhi Christmas | Po...,2248.0,3.0,,https://www.amazon.in/dp/B09BB8NPTM,amazon
Leeve Dry Fruits Brand Chocolates | Combo Pack | Butterscotch Nut Chocolate Coated | Nuts | 200 gram Pack | Chocolate Cove...,499.0,,,https://www.amazon.in/dp/B0B8N66R9N,amazon
Rakhi for Brother and Bhabhi with Gift Combo Set | RakshaBandhan Rakhi Chocolate n Dry Fruit Gift Hamper | Set of 2 Premiu...,799.0,2.0,,https://www.amazon.in/dp/B0D8HZQD9B,amazon
Arome Flavor Perfect Present Box Dry Fruits Combo Pack Gift Box with Healthy Snacks Diwali Gifts for Family & Friends - Fl...,2130.0,5.0,,https://www.amazon.in/dp/B0DH8DXK6V,amazon
LEEVE DRY FRUITS Toffees Packet | Combo | Pista Toffee | Kesar Toffee | 200 Gram Pack | Milk Chocolate Toffee | Celibratio...,459.0,3.0,,https://www.amazon.in/dp/B0B8RYQ2Q2,amazon
Leeve Dry Fruits Brand Chocolates | Combo Pack | Almond Chocolate Coated | Nuts | 200 gram Pack | Chocolate Covered Dates...,649.0,,,https://www.amazon.in/dp/B0B8N4QMW5,amazon
Chocolate Almond Dragees Combo 142g X 2 Jar | Dark & Milk Chocolate Coated Almonds | Premium Dry Fruits | Crunchy Nuts wit...,633.0,,,https://www.amazon.in/dp/B0F3XYRTQV,amazon
"Dry Fruit Hub Choco Chips Sprinkles Combo 450gm, Colour Sprinkles 125gm, Chocolate Sprinkles 125gm, Dark Choco Chips 100g...",300.0,4.0,,https://www.amazon.in/dp/B09M89DGY6,amazon
Leeve Dry Fruits Brand Chocolates | Combo Pack | Dates Chocolate Coated | Nuts | 200 gram Pack | Chocolate Covered Butters...,649.0,,,https://www.amazon.in/dp/B0B8N48YPS,amazon
"Tosca Muso Gold Centre Filled Chocolate Truffles | Milk Chocolate Gift Box | Luxury, Individually Wrapped Chocolates for P...",249.0,5.0,,https://www.amazon.in/dp/B0G6DTLV1L,amazon
WINNI - Super Luxury 2 Bar Pack + 9 Pcs Truffle Chocolate Gift | Belgian Dark Chocolates | Imported Chocolates | Celebrati...,499.0,5.0,,https://www.amazon.in/dp/B0GMWYKDLM,amazon
WINNI - Luxury 12 Pcs Truffle Chocolates Gift Pack | Belgian Dark Chocolates Gift | Handmade Celebration Chocolate Gift Bo...,499.0,5.0,,https://www.amazon.in/dp/B0GPD5GZ6W,amazon
"Fabelle Rocky Road -Luxury Handcrafted Milk Chocolate Bar with Dry Fruits, Crunchy Nuts and Crispies,120g, Premium Milk Ch...",449.0,3.9,,https://www.amazon.in/dp/B07S8NLMH8,amazon
THE DARKLAND Intimate Couple Chocolate | India’s 1st Mood-Lifting Chocolate with Kunafa for Couples |Dark Pistachio Flavou...,599.0,4.3,,https://www.amazon.in/dp/B0F4D3HPHT,amazon
"Gourmet Chocolate Gift Hamper Basket - 8 Items Luxury Assorted Chocolates & Snacks | Premium Chocolate Basket | Birthday, ...",5394.0,,,https://www.amazon.in/dp/B0FT3R1KZY,amazon
WINNI - Luxury Imported 12 Pcs Truffle Chocolate Gift Pack | Belgian Dark Chocolates Gift | Premium Handmade Chocolates Gi...,499.0,5.0,,https://www.amazon.in/dp/B0GSQ9JTW9,amazon
999 Chocolat 70% Organic Dark Chocolate Bar | Bean-to-Bar | Vegan | No Refined Sugar | Gluten-Free | Handcrafted in India...,280.0,3.7,,https://www.amazon.in/dp/B0DS695Z3T,amazon
Chokola Sweet Memories of India Festive Stories Chocolate Hamper -190G |4 Assorted Flavours Chocolate|Luxury Gourmet Choco...,1910.0,4.0,,https://www.amazon.in/dp/B0BLCK8FLK,amazon
Luxury Chocolate Gift Hamper for Birthday & Anniversary | Chocolate Gift Hamper,239.0,,,https://www.amazon.in/dp/B0GCDJSSY2,amazon
"Hugs Ghana Twist Dark Chocolates Jar – Premium Center Filled Dark Chocolate Truffles | Chocolate Gift Pack for Birthday, A...",199.0,3.5,,https://www.amazon.in/dp/B0FNMNFQ6V,amazon
"SMOOR Luxury Couverture Chocolate Box | Premium Chocolate Gift box for Wedding, Festive, Birthday, Anniversary, Gifting & ...",749.0,3.4,,https://www.amazon.in/dp/B0BSXGXB5J,amazon
"Chokola Sweet Memories of India Chocolate Hamper -160G|4 Assorted Flavours Chocolate- Fennel, Chilli, Coconut & Mochca|Lux...",1910.0,4.1,,https://www.amazon.in/dp/B07SLS7P95,amazon
Luxury Chocolate Gift Hamper for Family & Friends | Chocolate Gift Hamper,279.0,,,https://www.amazon.in/dp/B0GCFJT84D,amazon
Luxury Chocolate Gift Basket | Chocolate Gift Hamper,239.0,,,https://www.amazon.in/dp/B0GCFHT1VJ,amazon
WINNI - Luxury 24 Pcs Hazelnut Chocolates Gift Pack | Belgian Dark Chocolates Gift Box | Handmade Celebration Chocolate Gi...,999.0,5.0,,https://www.amazon.in/dp/B0GVHX67FX,amazon
Luxury Chocolate Gift Basket for Festive & Special Occasions | Chocolate Gift Hamper,279.0,,,https://www.amazon.in/dp/B0GCFK5JX9,amazon
"Gourmet Chest Gift Basket - 8-Piece Assorted Chocolates, Cookies, Snacks & Spreads in Chest | Luxury Gourmet Hamper | Corp...",7690.0,,,https://www.amazon.in/dp/B0FTVRL6B1,amazon
ZOROY Luxury Chocolate Vegan Dark Gluten Free Purist Collection Craft Bean to Bar Single Origin Chocolate Bar Pack of 2 x ...,430.0,4.1,,https://www.amazon.in/dp/B07SJFKZYF,amazon
"999 Chocolat 60% & 70% Dark Chocolate (Pack of 2 (140g))| Organic, Handmade Vegan Couverture Bar with Coconut Sugar | No R...",560.0,4.1,,https://www.amazon.in/dp/B0DNSLP127,amazon
"SMOOR Assorted Chocolate Thins, Gourmet Collection, Pack of 10 | Giftings for Celebrations, Festive, Premium Chocolates, W...",199.0,,,https://www.amazon.in/dp/B0FMY86CXL,amazon
"Tosca Muso Gold Centre Filled Chocolate Truffles | Milk Chocolate Gift Box | Luxury, Individually Wrapped Chocolates for P...",598.0,,,https://www.amazon.in/dp/B0G6F38LW5,amazon
"999 Chocolat 60% & 80% Dark Chocolate (Pack of 2 (140g))| Organic, Handmade Vegan Couverture Bar with Coconut Sugar | No R...",570.0,5.0,,https://www.amazon.in/dp/B0DNSM91LK,amazon
WINNI - Luxury 12 Pcs Belgian Truffle Chocolates Gift Pack | Imported Dark Chocolates Pack | Handmade Celebration Chocolat...,499.0,5.0,,https://www.amazon.in/dp/B0GQ9549MY,amazon
Ruchoks Almond Praline Chocolate | Premium Dry Fruit Chocolate | Crunchy Almond Treat | 10 Pieces Gift Pack | Luxury Choco...,325.0,3.0,,https://www.amazon.in/dp/B0FK4TSBPQ,amazon
ZOROY Luxury Chocolate Truffle Signature Gold Gift Box With Pack Of 20 Assorted Milk & Dark Chocolates - 240 Gms For Celeb...,799.0,3.8,,https://www.amazon.in/dp/B0154EHCAC,amazon
ASFOODS Precious Forever Handmade Almond Rabbit Box Shape Chocolates Gift Box/Truffle Chocolate Gift Packs/Luxury Chocolat...,235.0,,,https://www.amazon.in/dp/B0GSF2HC63,amazon
"Ferrero Rocher Moments Chocolate, 58 gm",179.0,,,https://www.amazon.in/dp/B0GQ96521X,amazon
Al-Nuaim | Chocolate Musk Eau De Parfum | Luxury Scent with Long Lasting Fragrance for Men & Women | 100ml,399.0,5.0,,https://www.amazon.in/dp/B0FP2J8XHH,amazon
"999 Chocolat 70% Premium Dark Chocolate Bar (Pack of 1 (70g)) Organic Dark Chocolate No Refined Sugar, No Preservative, No...",280.0,4.6,,https://www.amazon.in/dp/B0CNKH5M66,amazon
"Patchi Luxury Mood Enhancement Chocolate Gift Box 235g, Elegant Artistic Design with Gold Accents and Ribbon, (Product Of ...",7999.0,,,https://www.amazon.in/dp/B0GVK9G1FJ,amazon
Barquillo Premium Pistachio Coated Chocolate Pouch - 10 Pcs (200 gm) | Pista Cream Filled Biscuit Roll imported | Dubai co...,605.0,4.1,,https://www.amazon.in/dp/B0CJ9NGNTY,amazon
"999 Chocolat 70% Dark Chocolate Bar – (Pack of 3 (210g)) Organic Cocoa Dark Chocolate, Pure Couverture Chocolate, No Refin...",840.0,4.6,,https://www.amazon.in/dp/B0FB9G74YG,amazon
Luxury Chocolate Gift Hamper with Elegant Basket | Chocolate Gift Hamper,239.0,,,https://www.amazon.in/dp/B0GCF8HJWH,amazon
"PUREHEART Valentine’s Day Gift Hamper for Him & Her | Premium Dry Fruits Gift Box with Fruit & Nut Mix, Salt & Sweet Nutmi...",599.0,4.3,,https://www.amazon.in/dp/B0D7VVFKKD,amazon
"Gourmet Chocolate Gift Hamper Basket - Luxury Assorted Chocolates & Gourmet Treats | Premium Chocolate Hamper | Birthday, ...",5395.0,,,https://www.amazon.in/dp/B0DKP7HHCZ,amazon
"PUREHEART Valentine’s Day Gift Hamper for Him & Her | Premium Dry Fruits Gift Box with Fruit & Nut Mix, Salt & Sweet Nutmi...",649.0,4.4,,https://www.amazon.in/dp/B0D7CQ5BBW,amazon
DAEMONIC - Perfume for Women | Long Lasting EDP | Floral Fruity Luxury Fragrance | Premium Daily Wear Scent | Fine Perfume...,300.0,,,https://www.amazon.in/dp/B0GW3887S3,amazon
"Luxury Assorted Celebration Bonbons – 18 pcs Gift Box with Gianduja, Salted Caramel & Mango Raisins – Ideal Birthday, Than...",1250.0,5.0,,https://www.amazon.in/dp/B0B5V5PLTQ,amazon
"SMOOR Celebration Box of 14 (300gm) | Luxury Gift Hamper For Gifting & Special Occasions, Birthdays, Anniversary, Wedding,...",523.0,4.2,,https://www.amazon.in/dp/B08QPPMD1H,amazon
