name,price,rating,url,source
Midiron Sweet Love: A Premium Chocolate Gift Box for Her-56 Fudges,330.0,,https://www.flipkart.com/midiron-sweet-love-premium-chocolate-gift-box-her-56-fudges/p/itm4446be3b48d6d,flipkart
redbakers.in Happy Birthday Dark 12Chocolate Gift Box Truffles,259.0,,https://www.flipkart.com/redbakers-in-happy-birthday-dark-12chocolate-gift-box-truffles/p/itmde056f3b0f766,flipkart
creativechocolate Happy Birthday Tasty Delicious Special Chocolate Gift Box Truffles Truffles,205.0,,https://www.flipkart.com/creativechocolate-happy-birthday-tasty-delicious-special-chocolate-gift-box-truffles/p/itm129318109bacc,flipkart
redbakers.in Happy Birthday Assorted 24Chocolate Gift Box Truffles,423.0,,https://www.flipkart.com/redbakers-in-happy-birthday-assorted-24chocolate-gift-box-truffles/p/itm9c60a2798b9f7,flipkart
Chocoloony Chocolate Gift Box for All Occasion Truffles,235.0,,https://www.flipkart.com/chocoloony-chocolate-gift-box-all-occasion-truffles/p/itma1a832f4fea00,flipkart
redbakers.in Happy Birthday My Love RoseRed 12Chocolate Gift Box Truffles,260.0,,https://www.flipkart.com/redbakers-in-happy-birthday-my-love-rosered-12chocolate-gift-box-truffles/p/itm6265c8f88128c,flipkart
redbakers.in Sweetheart 12Chocolate Gift Box Truffles,270.0,,https://www.flipkart.com/redbakers-in-sweetheart-12chocolate-gift-box-truffles/p/itm9e7ad27b9f310,flipkart
Chocoloony Chocolate Gift Box for All Occasion| Truffles,253.0,,https://www.flipkart.com/chocoloony-chocolate-gift-box-all-occasion-truffles/p/itm60d6363ffdcf3,flipkart
"CHOCOINDIANART Amazing Thank you, 12pcs Delicious Chocolate Gift Box Truffles",430.0,,https://www.flipkart.com/chocoindianart-amazing-thank-you-12pcs-delicious-chocolate-gift-box-truffles/p/itmf81a8a62486ff,flipkart
CHOCOINDIANART Very Special Happy BirthDay 12 Chocolate GiftS Box | Truffles,695.0,,https://www.flipkart.com/chocoindianart-very-special-happy-birthday-12-chocolate-gifts-box-truffles/p/itmf0007d3076a74,flipkart
CHOCOINDIANART Very Special- Happy Valentine's Day-12 Chocolate Gift Box || Truffles,745.0,,https://www.flipkart.com/chocoindianart-very-special-happy-valentine-s-day-12-chocolate-gift-box-truffles/p/itmcc2be573ab6dd,flipkart
"Choko La Sweet Love Heart Shaped Dark Chocolate Bars Gift Hamper Pack Gift Box Chocolates Bars, Caramels",544.0,,https://www.flipkart.com/choko-la-sweet-love-heart-shaped-dark-chocolate-bars-gift-hamper-pack-box-chocolates-bars-caramels/p/itm96b380ce9e327,flipkart
ME&YOU Gourmet Chocolate Gift Box for Girlfriend & Wife-19 Bars,439.0,,https://www.flipkart.com/me-you-gourmet-chocolate-gift-box-girlfriend-wife-19-bars/p/itmbfd1dbe56f7f1,flipkart
redbakers.in Happy Birthday MYLOVE 24Chocolate Gift Box Truffles,480.0,,https://www.flipkart.com/redbakers-in-happy-birthday-mylove-24chocolate-gift-box-truffles/p/itm2dbfb7f777373,flipkart
"CHOCOINDIANART Valentine's Day, 12 Chocolate Gifts Box, Truffles",380.0,,https://www.flipkart.com/chocoindianart-valentine-s-day-12-chocolate-gifts-box-truffles/p/itmfeax3v8daeyuy,flipkart
"CHOCOINDIANART Amazing Happy Valentine's Day, 12pcs Chocolate Gift Box (18), Truffles",405.0,,https://www.flipkart.com/chocoindianart-amazing-happy-valentine-s-day-12pcs-chocolate-gift-box-18-truffles/p/itmbfe8c09874bd5,flipkart
Pure Temptation Gold Chocoblast Rosted Hazelnut Friend Pack Chocolate Cone Bites,245.0,,https://www.flipkart.com/pure-temptation-gold-chocoblast-rosted-hazelnut-friend-pack-chocolate-cone-bites/p/itm6537e0c50b047,flipkart
Pure Temptation Chocoblast-Premium Gold Chocolate Filled Waffle Cones - Chocolate Flavour | Cone Bites,612.0,,https://www.flipkart.com/pure-temptation-chocoblast-premium-gold-chocolate-filled-waffle-cones-flavour-cone-bites/p/itm79f8eaf30aca6,flipkart
"CHOCOINDIANART Very Special Happy Birthday, 12pcs Chocolate Gift Box, Truffles",335.0,,https://www.flipkart.com/chocoindianart-very-special-happy-birthday-12pcs-chocolate-gift-box-truffles/p/itmffwg2wzm3kgka,flipkart
"CHOCOINDIANART Lover Happy Valentine's Day, 12pcs Delicious Chocolate Gift Box , Truffles",383.0,,https://www.flipkart.com/chocoindianart-lover-happy-valentine-s-day-12pcs-delicious-chocolate-gift-box-truffles/p/itm9bce79a62f625,flipkart
"CHOCOINDIANART Super Happy Birthday, 12pcs Delicious Chocolate Gift Box 64, Truffles",374.0,,https://www.flipkart.com/chocoindianart-super-happy-birthday-12pcs-delicious-chocolate-gift-box-64-truffles/p/itm51a51da4939b0,flipkart
"CHOCOINDIANART Special Happy Birthday, 12pcs Chocolate Gift Box, Truffles",377.0,,https://www.flipkart.com/chocoindianart-special-happy-birthday-12pcs-chocolate-gift-box-truffles/p/itmffvzz4rmudqkm,flipkart
"CHOCOINDIANART Very Very Special, Happy BirthDay, 12 Chocolate GiftS Box, Truffles",430.0,,https://www.flipkart.com/chocoindianart-very-special-happy-birthday-12-chocolate-gifts-box-truffles/p/itmfeax3ffemgphz,flipkart
"CHOCOINDIANART Very Special, Happy BirthDay, 12 Chocolate GiftS Box, Truffles",419.0,,https://www.flipkart.com/chocoindianart-very-special-happy-birthday-12-chocolate-gifts-box-truffles/p/itmfeax3bzmyzmug,flipkart
"CHOCOINDIANART Happy Birthday, 12pcs Delicious Chocolate Gift Box, Truffles",437.0,,https://www.flipkart.com/chocoindianart-happy-birthday-12pcs-delicious-chocolate-gift-box-truffles/p/itmffvpdxqzrgz9b,flipkart
"CHOCOINDIANART Amazing Happy Birthday, 12pcs Delicious Chocolate Gift Box 57, Truffles",437.0,,https://www.flipkart.com/chocoindianart-amazing-happy-birthday-12pcs-delicious-chocolate-gift-box-57-truffles/p/itm8d08d281218c3,flipkart
creativechocolate Happy Birthday Delicious Special Chocolate Gift Box Truffles Truffles,211.0,,https://www.flipkart.com/creativechocolate-happy-birthday-delicious-special-chocolate-gift-box-truffles/p/itm28bf467ef7f32,flipkart
"CHOCOINDIANART Very Very Special, Happy Valentine's Day, 12 Chocolate Gifts Box, Truffles",395.0,,https://www.flipkart.com/chocoindianart-very-special-happy-valentine-s-day-12-chocolate-gifts-box-truffles/p/itmfeax3zcgytcs2,flipkart
WINNI CELEBRATE RELATIONS Premium Belgian Imported 24 Pcs Truffles Chocolate Gift Pack | Chocolates Box Truffles,1400.0,,https://www.flipkart.com/winni-celebrate-relations-premium-belgian-imported-24-pcs-truffles-chocolate-gift-pack-chocolates-box/p/itm79e5f150800c3,flipkart
WINNI CELEBRATE RELATIONS Luxurious 24 Pcs Chocolate Gift Pack | Handcrafted Chocolates Box Gift Hamper Truffles,1400.0,,https://www.flipkart.com/winni-celebrate-relations-luxurious-24-pcs-chocolate-gift-pack-handcrafted-chocolates-box-hamper-truffles/p/itm79f5b19d19b96,flipkart
"CHOCOINDIANART No. 1 Happy Birthday, 12pcs Delicious Chocolate Gift Box 12, Truffles",385.0,,https://www.flipkart.com/chocoindianart-no-1-happy-birthday-12pcs-delicious-chocolate-gift-box-12-truffles/p/itm24bea119eb705,flipkart
Expelite You Are My World Truffle Chocolate Box Bars,367.0,,https://www.flipkart.com/expelite-you-my-world-truffle-chocolate-box-bars/p/itmfeyut7phk3z6k,flipkart
"CHOCOINDIANART Beautiful Happy Valentine's Day, 12pcs Chocolate Gift Box, Truffles",377.0,,https://www.flipkart.com/chocoindianart-beautiful-happy-valentine-s-day-12pcs-chocolate-gift-box-truffles/p/itm0b72142bd8d4e,flipkart
Expelite Togetherness years pink cover chocolate box Bars,432.0,,https://www.flipkart.com/expelite-togetherness-years-pink-cover-chocolate-box-bars/p/itmfg3g5tkgfbyew,flipkart
WINNI CELEBRATE RELATIONS Super Premium 24 Pcs Chocolates Gift Box | Belgian Imported Chocolate Hamper Truffles,1414.0,,https://www.flipkart.com/winni-celebrate-relations-super-premium-24-pcs-chocolates-gift-box-belgian-imported-chocolate-hamper-truffles/p/itmd011aab3fcfe3,flipkart
"CHOCOINDIANART Birthday, 12pcs Delicious Chocolate Gift Box, Truffles",411.0,,https://www.flipkart.com/chocoindianart-birthday-12pcs-delicious-chocolate-gift-box-truffles/p/itm10e42af96134d,flipkart
"CHOCOINDIANART Decorative Happy Birthday, 12pcs Chocolate Gift Box, Truffles",411.0,,https://www.flipkart.com/chocoindianart-decorative-happy-birthday-12pcs-chocolate-gift-box-truffles/p/itmffwkcgekjxjkq,flipkart
Expelite Love You Bae Chocolate Gift Box For Her 18pc Love You Chocolate gift Box Bars,355.0,,https://www.flipkart.com/expelite-love-you-bae-chocolate-gift-box-her-18pc-bars/p/itm508a9bcfc2957,flipkart
"CHOCOINDIANART Amazing Happy Birthday, 12pcs Chocolate Gift Box, Truffles",452.0,,https://www.flipkart.com/chocoindianart-amazing-happy-birthday-12pcs-chocolate-gift-box-truffles/p/itm7c3f038736e60,flipkart
"CHOCOINDIANART Amazing - Happy Valentine's Day, 12pcs Chocolate Gift Box, Truffles",411.0,,https://www.flipkart.com/chocoindianart-amazing-happy-valentine-s-day-12pcs-chocolate-gift-box-truffles/p/itm81019984553c1,flipkart
Dharmasut Vanilla + Butterscotch + Chocolate + Strawberry Instant Ice cream Mix Powder 400 g,299.0,,https://www.flipkart.com/dharmasut-vanilla-butterscotch-chocolate-strawberry-instant-ice-cream-mix-powder-400-g/p/itm275f332208661,flipkart
"CHOCOINDIANART Sweet Happy Birthday, 12pcs Delicious Chocolate Gift Box, Truffles",416.0,,https://www.flipkart.com/chocoindianart-sweet-happy-birthday-12pcs-delicious-chocolate-gift-box-truffles/p/itmfea8b04176456,flipkart
"CHOCOINDIANART Sweet Happy Birthday, 12pcs Delicious Chocolate Gift Box 25, Truffles",416.0,,https://www.flipkart.com/chocoindianart-sweet-happy-birthday-12pcs-delicious-chocolate-gift-box-25-truffles/p/itmd7e245c17d027,flipkart
"CHOCOINDIANART Wonderful Thank you, 12pcs Delicious Chocolate Gift Box Truffles",430.0,,https://www.flipkart.com/chocoindianart-wonderful-thank-you-12pcs-delicious-chocolate-gift-box-truffles/p/itm293b61f88c3fc,flipkart
"CHOCOINDIANART Very Sweet Happy Birthday, 12pcs Delicious Chocolate Gift Box 53, Truffles",417.0,,https://www.flipkart.com/chocoindianart-very-sweet-happy-birthday-12pcs-delicious-chocolate-gift-box-53-truffles/p/itm47455f57946e5,flipkart
The Gift Studio Chocolate Bliss Hamper Combo,2698.0,,https://www.flipkart.com/gift-studio-chocolate-bliss-hamper-combo/p/itm35b3a82809062,flipkart
CHOCOINDIANART Pleasing Happy Birthday 06pcs Delicious Chocolate Gift | Truffles,382.0,,https://www.flipkart.com/chocoindianart-pleasing-happy-birthday-06pcs-delicious-chocolate-gift-truffles/p/itm9296c1643c2dc,flipkart
CHOCOINDIANART Very Nice Thank you-12pcs Delicious Chocolate Gift Box Truffles,740.0,,https://www.flipkart.com/chocoindianart-very-nice-thank-you-12pcs-delicious-chocolate-gift-box-truffles/p/itme1df0557d6edb,flipkart
CHOCOINDIANART Very Very Special Happy BirthDay 12 Chocolate GiftS Box | Truffles,673.0,,https://www.flipkart.com/chocoindianart-very-special-happy-birthday-12-chocolate-gifts-box-truffles/p/itm0dd2f43693b86,flipkart
CHOCOINDIANART Lovely Happy Valentine's Day-12pcs Chocolate Gift Box || Truffles,728.0,,https://www.flipkart.com/chocoindianart-lovely-happy-valentine-s-day-12pcs-chocolate-gift-box-truffles/p/itm7bb7960addbf9,flipkart
CHOCOINDIANART Amazing Happy Birthday-12pcs Delicious Chocolate Gift Box 57 || Truffles,728.0,,https://www.flipkart.com/chocoindianart-amazing-happy-birthday-12pcs-delicious-chocolate-gift-box-57-truffles/p/itmb45635c7ca620,flipkart
Pure Temptation Chocoblast - Joy Chocolate Filled Mini Cones - Birthday Gift Box | Cone Bites,264.0,,https://www.flipkart.com/pure-temptation-chocoblast-joy-chocolate-filled-mini-cones-birthday-gift-box-cone-bites/p/itm64d0c9b604b6e,flipkart
"CHOCOINDIANART Very Special, Happy BirthDay, 12 Chocolate GiftS Box, Truffles",394.0,,https://www.flipkart.com/chocoindianart-very-special-happy-birthday-12-chocolate-gifts-box-truffles/p/itme26e4952b4601,flipkart
"CHOCOINDIANART Very Nice Happy Valentine's Day, 12pcs Chocolate Gift Box (22), Truffles",546.0,,https://www.flipkart.com/chocoindianart-very-nice-happy-valentine-s-day-12pcs-chocolate-gift-box-22-truffles/p/itm2e453b6400aa6,flipkart
CHOCOINDIANART Special Happy Valentine's Day 06pcs Delicious Chocolate Gift | Truffles,382.0,,https://www.flipkart.com/chocoindianart-special-happy-valentine-s-day-06pcs-delicious-chocolate-gift-truffles/p/itm2ab8d181c7dc0,flipkart
CHOCOINDIANART Super Merry Christmas 18pcs Delicious Chocolate Gift | Truffles,946.0,,https://www.flipkart.com/chocoindianart-super-merry-christmas-18pcs-delicious-chocolate-gift-truffles/p/itm587429a388e97,flipkart
"CHOCOINDIANART Very Special Happy Valentine's Day, 12pcs Chocolate Gift Box, Truffles",394.0,,https://www.flipkart.com/chocoindianart-very-special-happy-valentine-s-day-12pcs-chocolate-gift-box-truffles/p/itm9fe91cfde8a6a,flipkart
"CHOCOINDIANART Super Happy Birthday, 12pcs Delicious Chocolate Gift Box, Truffles",417.0,,https://www.flipkart.com/chocoindianart-super-happy-birthday-12pcs-delicious-chocolate-gift-box-truffles/p/itmbe0ca618637ab,flipkart
"CHOCOINDIANART Very Very Special, Happy Valentine's Day, 12 Chocolate Gifts Box, Truffles",417.0,,https://www.flipkart.com/chocoindianart-very-special-happy-valentine-s-day-12-chocolate-gifts-box-truffles/p/itm0ae6e2fe35202,flipkart
CHOCOINDIANART Graceful Happy Valentine Day 6pcs Delicious Chocolate Gift || Truffles,400.0,,https://www.flipkart.com/chocoindianart-graceful-happy-valentine-day-6pcs-delicious-chocolate-gift-truffles/p/itmaefdb7c66e75c,flipkart
CHOCOINDIANART Lover Happy Valentine's Day 12pcs Delicious Chocolate Gift Box | Truffles,625.0,,https://www.flipkart.com/chocoindianart-lover-happy-valentine-s-day-12pcs-delicious-chocolate-gift-box-truffles/p/itm2f6e831d9be03,flipkart
CHOCOINDIANART Lovely Happy Valentine's Day 12pcs Chocolate Gift Box (3) | Truffles,806.0,,https://www.flipkart.com/chocoindianart-lovely-happy-valentine-s-day-12pcs-chocolate-gift-box-3-truffles/p/itm0bb7b886a5db0,flipkart
CHOCOINDIANART Very Amazing Happy Birthday-12pcs Delicious Chocolate Gift Box 67 || Truffles,740.0,,https://www.flipkart.com/chocoindianart-very-amazing-happy-birthday-12pcs-delicious-chocolate-gift-box-67-truffles/p/itm44295f069339e,flipkart
"CHOCOINDIANART Decorative Happy Birthday, 12pcs Delicious Chocolate Gift Box, Truffles",417.0,,https://www.flipkart.com/chocoindianart-decorative-happy-birthday-12pcs-delicious-chocolate-gift-box-truffles/p/itmf48797fbb3255,flipkart
CHOCOINDIANART Graceful Happy Valentine's Day 06pcs Delicious Chocolate Gift | Truffles,382.0,,https://www.flipkart.com/chocoindianart-graceful-happy-valentine-s-day-06pcs-delicious-chocolate-gift-truffles/p/itmaec78e285aa79,flipkart
CHOCOINDIANART Happy Valentine's Day-12pcs Chocolate Gift Box (6) || Truffles,745.0,,https://www.flipkart.com/chocoindianart-happy-valentine-s-day-12pcs-chocolate-gift-box-6-truffles/p/itm7e62589fe9e0f,flipkart
CHOCOINDIANART Lovely Happy Valentine's Day-12pcs Chocolate Gift Box (3) || Truffles,740.0,,https://www.flipkart.com/chocoindianart-lovely-happy-valentine-s-day-12pcs-chocolate-gift-box-3-truffles/p/itme31ad554bebf3,flipkart
CHOCOINDIANART Lover Happy Valentine's Day-12pcs Delicious Chocolate Gift Box || Truffles,728.0,,https://www.flipkart.com/chocoindianart-lover-happy-valentine-s-day-12pcs-delicious-chocolate-gift-box-truffles/p/itm4e18ae81607b2,flipkart
CHOCOINDIANART Special- Happy Valentine's Day-12 Chocolate Gift Box || Truffles,740.0,,https://www.flipkart.com/chocoindianart-special-happy-valentine-s-day-12-chocolate-gift-box-truffles/p/itmea93be9822170,flipkart
CHOCOINDIANART Very Very Special- Happy BirthDay-12 Chocolate GiftS Box || Truffles,740.0,,https://www.flipkart.com/chocoindianart-very-special-happy-birthday-12-chocolate-gifts-box-truffles/p/itmcf04dccdd1d78,flipkart
CHOCOINDIANART Happy Birthday-12pcs Delicious Chocolate Gift Box 27 || Truffles,728.0,,https://www.flipkart.com/chocoindianart-happy-birthday-12pcs-delicious-chocolate-gift-box-27-truffles/p/itmdad59a0c52361,flipkart
CHOCOINDIANART Sweet Happy Birthday-12pcs Delicious Chocolate Gift Box 25 || Truffles,757.0,,https://www.flipkart.com/chocoindianart-sweet-happy-birthday-12pcs-delicious-chocolate-gift-box-25-truffles/p/itmee71e7743abe3,flipkart
CHOCOINDIANART Special Happy BirthDay 12 Chocolate Surprise Gift Box | Truffles,664.0,,https://www.flipkart.com/chocoindianart-special-happy-birthday-12-chocolate-surprise-gift-box-truffles/p/itm3e9b3432f0e6f,flipkart
CHOCOINDIANART New idea happy birthday 12 Delicious Chocolate Gift Box | Truffles,684.0,,https://www.flipkart.com/chocoindianart-new-idea-happy-birthday-12-delicious-chocolate-gift-box-truffles/p/itm9819519b0973e,flipkart
OddClick I LOVE YOU chocolate gift box for boyfriend girlfriend husband wife Paper Gift Box,268.0,,https://www.flipkart.com/oddclick-love-you-chocolate-gift-box-boyfriend-girlfriend-husband-wife-paper/p/itm691e44c094a9b,flipkart
Regallo Chocolate Gift Box For Every Special Occasion Gifts Brittles,234.0,,https://www.flipkart.com/regallo-chocolate-gift-box-every-special-occasion-gifts-brittles/p/itm22c2f315d1cb8,flipkart
OddClick birthday gifts for girlfriend girls special boy Boyfriend Bestie Friend Combo Paper Gift Box,304.0,,https://www.flipkart.com/oddclick-birthday-gifts-girlfriend-girls-special-boy-boyfriend-bestie-friend-combo-paper-gift-box/p/itm98309e65c7a7a,flipkart
Midiron Stunning Mother Day Chocolate Gift Combo for Mother – Loving Gift Set Mother Assorted Gift Box,442.0,,https://www.flipkart.com/midiron-stunning-mother-day-chocolate-gift-combo-loving-set-assorted-box/p/itm0127092f1b2de,flipkart
"CHOCOINDIANART Super Happy Valentine's Day, 12pcs Chocolate Gift Box (17), Truffles",394.0,,https://www.flipkart.com/chocoindianart-super-happy-valentine-s-day-12pcs-chocolate-gift-box-17-truffles/p/itm9edcb058917dd,flipkart
OddClick I am sorry gifts chocolate for girlfriend wife boyfriend husband Paper Gift Box,327.0,,https://www.flipkart.com/oddclick-am-sorry-gifts-chocolate-girlfriend-wife-boyfriend-husband-paper-gift-box/p/itm994b495bc1dee,flipkart
Midiron Heartwarming Surprise Combo for Mom – Sweet Gifts & Loving Touch Assorted Gift Box,599.0,,https://www.flipkart.com/midiron-heartwarming-surprise-combo-mom-sweet-gifts-loving-touch-assorted-gift-box/p/itmc1c5925f7580e,flipkart
"CHOCOINDIANART Surprise Gift, Happy BirthDay, 12 Chocolate GiftS Box, Truffles",427.0,,https://www.flipkart.com/chocoindianart-surprise-gift-happy-birthday-12-chocolate-gifts-box-truffles/p/itmfeax3fd8jxpjn,flipkart
"BOGATCHI EID Mubarak Gift Special Chocolate Box, 18 pcs Plastic Gift Box",340.0,,https://www.flipkart.com/bogatchi-eid-mubarak-gift-special-chocolate-box-18-pcs-plastic-box/p/itmc05f737da2442,flipkart
Midiron Sweet Mother’s Day Gift Combo for Mumma – Chocolate Treat to Celebrate Love&Care Assorted Gift Box,350.0,,https://www.flipkart.com/midiron-sweet-mothers-day-gift-combo-mumma-chocolate-treat-celebrate-love-care-assorted-box/p/itm80315c637df35,flipkart
OddClick chocolate gift combo I am sorry I Love You gift pack gift box Paper Gift Box,344.0,,https://www.flipkart.com/oddclick-chocolate-gift-combo-am-sorry-love-you-pack-box-paper/p/itm12d971c09ca70,flipkart
The Gift Studio Cocoa Bliss Box Combo,771.0,,https://www.flipkart.com/gift-studio-cocoa-bliss-box-combo/p/itmb44c69280f389,flipkart
"CHOCOINDIANART Wonderful Happy Valentine's Day, 12pcs Chocolate Gift Box, Truffles",423.0,,https://www.flipkart.com/chocoindianart-wonderful-happy-valentine-s-day-12pcs-chocolate-gift-box-truffles/p/itm2d626e53d3769,flipkart
"CHOCOINDIANART Special, Happy BirthDay, 12 Chocolate Gift Box, Truffles",463.0,,https://www.flipkart.com/chocoindianart-special-happy-birthday-12-chocolate-gift-box-truffles/p/itmfeax3jc4zmg8g,flipkart
Midiron Elegant Mum Chocolate Box – Stylish Mother’s Day Delight Gift Set for Her Assorted Gift Box,492.0,,https://www.flipkart.com/midiron-elegant-mum-chocolate-box-stylish-mothers-day-delight-gift-set-her-assorted/p/itmb111114ec9185,flipkart
"CHOCOINDIANART Wonderful Happy Valentine's Day, 12pcs Chocolate Gift Box(11), Truffles",388.0,,https://www.flipkart.com/chocoindianart-wonderful-happy-valentine-s-day-12pcs-chocolate-gift-box-11-truffles/p/itm0fdfc3f6a48de,flipkart
"CHOCOINDIANART My Happy Valentine's Day, 12pcs Chocolate Gift Box (5), Truffles",427.0,,https://www.flipkart.com/chocoindianart-my-happy-valentine-s-day-12pcs-chocolate-gift-box-5-truffles/p/itmc710adcc58bbf,flipkart
CHOCO TEDDY'S CTPL00010 Assorted Gift Box,248.0,,https://www.flipkart.com/choco-teddy-s-ctpl00010-assorted-gift-box/p/itmb90929c794404,flipkart
OddClick valentine day special gift for wife husband 12pcs Chocolate Gift Box Truffles,268.0,,https://www.flipkart.com/oddclick-valentine-day-special-gift-wife-husband-12pcs-chocolate-box-truffles/p/itmcc5eb272fb44b,flipkart
"CHOCOINDIANART Decorative Happy Valentine's Day, 12pcs Chocolate Gift Box (1), Truffles",424.0,,https://www.flipkart.com/chocoindianart-decorative-happy-valentine-s-day-12pcs-chocolate-gift-box-1-truffles/p/itmc2d46bb682252,flipkart
"CHOCOINDIANART Happy Valentine's Day, 12pcs Chocolate Gift Box (6), Truffles",424.0,,https://www.flipkart.com/chocoindianart-happy-valentine-s-day-12pcs-chocolate-gift-box-6-truffles/p/itm9d898d9ec45e4,flipkart
"Midiron Chocolate Gift Pack with Love You Greeting Card, and Beautiful Red Rose Gift for Girlfriend, Wife, Boyfriend, Husband and Someone Special, Valentine's Day, Birthday, Anniversary and Love Gift Paper Gift Box",342.0,,https://www.flipkart.com/midiron-chocolate-gift-pack-love-you-greeting-card-beautiful-red-rose-girlfriend-wife-boyfriend-husband-someone-special-valentine-s-day-birthday-anniversary-paper-box/p/itm2a9986e905afc,flipkart
"CHOCOINDIANART Sweet, Happy Valentine's Day, 12 Chocolate GiftS Box, Truffles",379.0,,https://www.flipkart.com/chocoindianart-sweet-happy-valentine-s-day-12-chocolate-gifts-box-truffles/p/itmfeax3jeacbwzz,flipkart
"CHOCOINDIANART Very Nice Happy Valentine's Day, 12pcs Chocolate Gift Box (24), Truffles",400.0,,https://www.flipkart.com/chocoindianart-very-nice-happy-valentine-s-day-12pcs-chocolate-gift-box-24-truffles/p/itm79bf2b923909c,flipkart
"CHOCOINDIANART Very Nice Happy Valentine's Day, 12pcs Chocolate Gift Box (23), Truffles",396.0,,https://www.flipkart.com/chocoindianart-very-nice-happy-valentine-s-day-12pcs-chocolate-gift-box-23-truffles/p/itm597155c452b87,flipkart
Chocoloony Special Chocolate Gift Box For Birthday | Birthday Gift For Loved ones Bars,498.0,,https://www.flipkart.com/chocoloony-special-chocolate-gift-box-birthday-loved-ones-bars/p/itmbb2ca2d479b66,flipkart
"CHOCOINDIANART Super Happy Birthday, 12pcs Delicious Chocolate Gift Box, Truffles",418.0,,https://www.flipkart.com/chocoindianart-super-happy-birthday-12pcs-delicious-chocolate-gift-box-truffles/p/itm1eaec609e69a3,flipkart
"Midiron Chocolate Gift Box for Girlfriend, Wife, Boyfriend, Husband, Lovers On Valentine, Birthday, Anniversary and Special Occasion, You Make Me Complete My Love Chocolate Box Fudges",313.0,,https://www.flipkart.com/midiron-chocolate-gift-box-girlfriend-wife-boyfriend-husband-lovers-valentine-birthday-anniversary-special-occasion-you-make-me-complete-my-love-fudges/p/itm0ca608975d598,flipkart
"CHOCOINDIANART Very Sweet Happy Birthday, 12pcs Delicious Chocolate Gift Box, Truffles",408.0,,https://www.flipkart.com/chocoindianart-very-sweet-happy-birthday-12pcs-delicious-chocolate-gift-box-truffles/p/itm36e3017643612,flipkart
CHOCOINDIANART Merry Christmas -12pcs Super Chocolate Gifts Box || Brittles,740.0,,https://www.flipkart.com/chocoindianart-merry-christmas-12pcs-super-chocolate-gifts-box-brittles/p/itm9d4ec4d2bd350,flipkart
"CHOCOINDIANART Very Sweet Happy Birthday, 12pcs Delicious Chocolate Gift Box 17, Truffles",417.0,,https://www.flipkart.com/chocoindianart-very-sweet-happy-birthday-12pcs-delicious-chocolate-gift-box-17-truffles/p/itm629c43f1d2592,flipkart
CHOCOINDIANART Very Nice Happy Valentine's Day-12pcs Chocolate Gift Box (24) || Truffles,734.0,,https://www.flipkart.com/chocoindianart-very-nice-happy-valentine-s-day-12pcs-chocolate-gift-box-24-truffles/p/itm4c70acc4c6597,flipkart
"CHOCOINDIANART Wonderful Happy Birthday, 12pcs Delicious Chocolate Gift Box 58, Truffles",417.0,,https://www.flipkart.com/chocoindianart-wonderful-happy-birthday-12pcs-delicious-chocolate-gift-box-58-truffles/p/itm1cea0ec50f9f4,flipkart
"CHOCOINDIANART Happy Valentine's Day, 12 Chocolate Gifts Box, Truffles",417.0,,https://www.flipkart.com/chocoindianart-happy-valentine-s-day-12-chocolate-gifts-box-truffles/p/itm24e3e76baf237,flipkart
CHOCOINDIANART Wonderful Happy Valentine's Day-12pcs Chocolate Gift Box || Truffles,740.0,,https://www.flipkart.com/chocoindianart-wonderful-happy-valentine-s-day-12pcs-chocolate-gift-box-truffles/p/itm2a28847071a20,flipkart
"CHOCOINDIANART Very Nice Happy Valentine's Day, 12pcs Chocolate Gift Box (13), Truffles",417.0,,https://www.flipkart.com/chocoindianart-very-nice-happy-valentine-s-day-12pcs-chocolate-gift-box-13-truffles/p/itm911d60a682340,flipkart
"CHOCOINDIANART Lovely Happy Birthday, 12pcs Delicious Chocolate Gift Box 41, Truffles",424.0,,https://www.flipkart.com/chocoindianart-lovely-happy-birthday-12pcs-delicious-chocolate-gift-box-41-truffles/p/itm40906f4e46ac0,flipkart
"CHOCOINDIANART Surprise Happy Birthday, 12pcs Chocolate Gift Box, Truffles",417.0,,https://www.flipkart.com/chocoindianart-surprise-happy-birthday-12pcs-chocolate-gift-box-truffles/p/itm2fa82083606e9,flipkart
"CHOCOINDIANART New Happy Birthday , 12pcs Chocolate Gifts Box, Truffles",417.0,,https://www.flipkart.com/chocoindianart-new-happy-birthday-12pcs-chocolate-gifts-box-truffles/p/itm759e75e2480d3,flipkart
CHOCOINDIANART Very Special- Happy BirthDay-12 Chocolate GiftS Box || Truffles,728.0,,https://www.flipkart.com/chocoindianart-very-special-happy-birthday-12-chocolate-gifts-box-truffles/p/itme327d168956d4,flipkart
CHOCOINDIANART Surprise-Happy BirthDay-12 Chocolate GiftS Box || Truffles,745.0,,https://www.flipkart.com/chocoindianart-surprise-happy-birthday-12-chocolate-gifts-box-truffles/p/itme327d168956d4,flipkart
"CHOCOINDIANART Decorative Happy Birthday, 12pcs Delicious Chocolate Gift Box 24, Truffles",417.0,,https://www.flipkart.com/chocoindianart-decorative-happy-birthday-12pcs-delicious-chocolate-gift-box-24-truffles/p/itm592e0112197bc,flipkart
"CHOCOINDIANART Happy Valentine's Day, 12 Chocolate Gift Box, Truffles",536.0,,https://www.flipkart.com/chocoindianart-happy-valentine-s-day-12-chocolate-gift-box-truffles/p/itm34097a208408c,flipkart
"CHOCOINDIANART Amazing Happy Birthday, 12pcs Delicious Chocolate Gift Box3, Truffles",417.0,,https://www.flipkart.com/chocoindianart-amazing-happy-birthday-12pcs-delicious-chocolate-gift-box3-truffles/p/itme34d891f24e67,flipkart
"CHOCOINDIANART Lovely Happy Valentine's Day, 12pcs Chocolate Gift Box, Truffles",417.0,,https://www.flipkart.com/chocoindianart-lovely-happy-valentine-s-day-12pcs-chocolate-gift-box-truffles/p/itmc66c3ea2432b7,flipkart
CHOCOINDIANART Wonderful 1st Anniversary-12pcs Delicious Chocolate Gift Box || Truffles,728.0,,https://www.flipkart.com/chocoindianart-wonderful-1st-anniversary-12pcs-delicious-chocolate-gift-box-truffles/p/itm6560057c1d941,flipkart
Cadbury birthday gift set|gift hamper|valentine gift hamper for boyfriend & Girlfriend Paper Gift Box,192.0,,https://www.flipkart.com/cadbury-birthday-gift-set-gift-hamper-valentine-hamper-boyfriend-girlfriend-paper-box/p/itmef1946198574c,flipkart
OddClick Happy Birthday To You special gift 10 pcs Chocolate Gift Box Truffles,315.0,,https://www.flipkart.com/oddclick-happy-birthday-you-special-gift-10-pcs-chocolate-box-truffles/p/itmaba9611b646d7,flipkart
"Chocoloony Chocolate Gift Hamper for Valentine, Birthday, Anniversary | Gift For Lovers Bars",370.0,,https://www.flipkart.com/chocoloony-chocolate-gift-hamper-valentine-birthday-anniversary-lovers-bars/p/itm4dbf4ce188c88,flipkart
OddClick valentine day special gift for wife husband Chocolate Gift Hamper Box Bars,445.0,,https://www.flipkart.com/oddclick-valentine-day-special-gift-wife-husband-chocolate-hamper-box-bars/p/itme2704a8dfd7e1,flipkart
The Gift Studio Amour & Indulgence | Luxury Gift Hamper for Couples Combo,2061.0,,https://www.flipkart.com/gift-studio-amour-indulgence-luxury-hamper-couples-combo/p/itm1005003240bf5,flipkart
"Chocoloony Special Chocolate Gift Hamper with Soft Toy For Birthday, Anniversary, Valentine Paper Gift Box",350.0,,https://www.flipkart.com/chocoloony-special-chocolate-gift-hamper-soft-toy-birthday-anniversary-valentine-paper-box/p/itm941df2db8db71,flipkart
"Chocoloony Chocolate gift Box for Valentine, Rakhi, Birthday, Anniversary Caramels",383.0,,https://www.flipkart.com/chocoloony-chocolate-gift-box-valentine-rakhi-birthday-anniversary-caramels/p/itm1735deb3e991e,flipkart
"Chocoloony Valentine Gift Hamper for Girlfriend & Wife | Teddy, Chocolate Gift Hamper Paper Gift Box",393.0,,https://www.flipkart.com/chocoloony-valentine-gift-hamper-girlfriend-wife-teddy-chocolate-paper-box/p/itm37ceccdbddef0,flipkart
FabBites Birthday Chocolate Hamper Gift|Chocolate Hamper for Kids|Rakhi Chocolate Hamper| Plastic Gift Box,259.0,,https://www.flipkart.com/fabbites-birthday-chocolate-hamper-gift-chocolate-kids-rakhi-hamper-plastic-gift-box/p/itm60810c2a9a793,flipkart
The Gift Studio Deliciously Yours Basket Combo,2970.0,,https://www.flipkart.com/gift-studio-deliciously-yours-basket-combo/p/itmec428c03a7167,flipkart
Midiron Chocolate Gift Hamper | Special Gift Combo for Valentine's Day/Birthday -48 Paper Gift Box,218.0,,https://www.flipkart.com/midiron-chocolate-gift-hamper-special-combo-valentine-s-day-birthday-48-paper-box/p/itmfb33e67dfd028,flipkart
"Chocoloony Chocolate Basket Gift Hamper for Valentine, Rakhi, Birthday, Anniversary Caramels",357.0,,https://www.flipkart.com/chocoloony-chocolate-basket-gift-hamper-valentine-rakhi-birthday-anniversary-caramels/p/itm65916e428ff68,flipkart
Chocoloony Chocolate & Teddy Gift Hamper | Valentine Gift Hamper for Girlfriend & Wife Paper Gift Box,263.0,,https://www.flipkart.com/chocoloony-chocolate-teddy-gift-hamper-valentine-girlfriend-wife-paper-box/p/itmf38105de8c878,flipkart
"Chocoloony Chocolate Basket Hamper Gift for Valentine, Rakhi, Birthday, Anniversary Caramels",371.0,,https://www.flipkart.com/chocoloony-chocolate-basket-hamper-gift-valentine-rakhi-birthday-anniversary-caramels/p/itm90bfe5f7f4172,flipkart
The Gift Studio Magnificent Diwali Gift Hamper Combo,4319.0,,https://www.flipkart.com/gift-studio-magnificent-diwali-hamper-combo/p/itmfe38f0329afe3,flipkart
Midiron Chocolate Gift Hamper for Mother’s Day – Perfect Treat Box for Mom-to-Be/Mumma Assorted Gift Box,799.0,,https://www.flipkart.com/midiron-chocolate-gift-hamper-mothers-day-perfect-treat-box-mom-to-be-mumma-assorted/p/itm1ed9bcbabba70,flipkart
Midiron Chocolate Gift Set for Diwali | Diwali Gift | Diwali Gift Hamper IZ23-15 Paper Gift Box,372.0,,https://www.flipkart.com/midiron-chocolate-gift-set-diwali-hamper-iz23-15-paper-box/p/itm26b32dc6370b4,flipkart
"Cadbury chocolate gift hamper 10 pcs chocolate for anniversary, Valentine day Paper Gift Box",386.0,,https://www.flipkart.com/cadbury-chocolate-gift-hamper-10-pcs-anniversary-valentine-day-paper-box/p/itm6efa7e3d71ecb,flipkart
The Gift Studio Paresh Maity Festive Edit Hamper Combo,6428.0,,https://www.flipkart.com/gift-studio-paresh-maity-festive-edit-hamper-combo/p/itmceef70d63cef1,flipkart
The Gift Studio Sweet Cravings Chocolate Hamper Combo,837.0,,https://www.flipkart.com/gift-studio-sweet-cravings-chocolate-hamper-combo/p/itmcb5869d385a38,flipkart
Cadbury birthday gift set|gift hamper|valentine gift box 4chocolate|1teddy|1golden rose Paper Gift Box,300.0,,https://www.flipkart.com/cadbury-birthday-gift-set-gift-hamper-valentine-box-4chocolate-1teddy-1golden-rose-paper/p/itm558f6789d1379,flipkart
Cadbury birthday gift set|gift hamper|valentine gift hamper chocolate with flower Paper Gift Box,300.0,,https://www.flipkart.com/cadbury-birthday-gift-set-gift-hamper-valentine-hamper-chocolate-flower-paper-box/p/itmbd11c8301caf3,flipkart
Midiron Festive Gift Hamper Box | Gift Hamper Box Pack For Valentines | Chocolate day | Valentine’s day | Birthday | Anniversary | Ceramic Coffee Mug and Set of Chocolate Gift Box IZ21GB13N2TM-DTLove-140 Ceramic Gift Box,605.0,,https://www.flipkart.com/midiron-festive-gift-hamper-box-pack-valentines-chocolate-day-valentines-birthday-anniversary-ceramic-coffee-mug-set-iz21gb13n2tm-dtlove-140/p/itmca8b33618519d,flipkart
Midiron Handmade Chocolate Gift for Diwali Festival | Diwali Gift Hamper Paper Gift Box,361.0,,https://www.flipkart.com/midiron-handmade-chocolate-gift-diwali-festival-hamper-paper-box/p/itm907879b04c196,flipkart
The Gift Studio Luxe Party Hamper Combo,5453.0,,https://www.flipkart.com/gift-studio-luxe-party-hamper-combo/p/itmfab0f79cf2b0b,flipkart
The Gift Studio Gift Box Mindful Celebration Combo,4859.0,,https://www.flipkart.com/gift-studio-box-mindful-celebration-combo/p/itmb1f615ab2a28f,flipkart
"Cadbury Christmas|Valentine|birthday|anniversary Gift Hamper 7 pcs chocolate Bars, Truffles",386.0,,https://www.flipkart.com/cadbury-christmas-valentine-birthday-anniversary-gift-hamper-7-pcs-chocolate-bars-truffles/p/itm5baa91568c7a3,flipkart
"Cadbury Valentine gift |birthday gift set |anniversary Gift Hamper 6 pcs chocolate Bars, Truffles",248.0,,https://www.flipkart.com/cadbury-valentine-gift-birthday-set-anniversary-hamper-6-pcs-chocolate-bars-truffles/p/itmaa525a4a09d2e,flipkart
Midiron Memorable Surprise Treat Hamper for Mother – Present Hamper for Maa Premium Assorted Gift Box,799.0,,https://www.flipkart.com/midiron-memorable-surprise-treat-hamper-mother-present-maa-premium-assorted-gift-box/p/itm79b5ad4eb903d,flipkart
"Cadbury Valentine gift |birthday|anniversary Gift Hamper 6 pcs chocolate Bars, Truffles",426.0,,https://www.flipkart.com/cadbury-valentine-gift-birthday-anniversary-hamper-6-pcs-chocolate-bars-truffles/p/itmea9d2a4f53977,flipkart
"Cadbury Christmas|Valentine|birthday|anniversary Gift Hamper 10 pcs chocolate Bars, Truffles",544.0,,https://www.flipkart.com/cadbury-christmas-valentine-birthday-anniversary-gift-hamper-10-pcs-chocolate-bars-truffles/p/itmc7acc9e1278a1,flipkart
"Cadbury i love you Gift|hamper|7 pcs Chocolate for Valentine day special gift Bars, Truffles",483.0,,https://www.flipkart.com/cadbury-love-you-gift-hamper-7-pcs-chocolate-valentine-day-special-gift-bars-truffles/p/itm2b59d939340b3,flipkart
Cadbury Gift set combo chocolate gift hamper gift box 5 pcs chocolate Bars,239.0,,https://www.flipkart.com/cadbury-gift-set-combo-chocolate-hamper-box-5-pcs-bars/p/itm57a69618012d3,flipkart
Midiron Rakhi Surprise Hamper for Brother with 2 Chocolates & Traditional Set Assorted Gift Box,160.0,,https://www.flipkart.com/midiron-rakhi-surprise-hamper-brother-2-chocolates-traditional-set-assorted-gift-box/p/itmd2244e744c247,flipkart
Midiron Rakhi Sweets Hamper for Brother – Chocolate Love in Every Bite Assorted Gift Box,497.0,,https://www.flipkart.com/midiron-rakhi-sweets-hamper-brother-chocolate-love-every-bite-assorted-gift-box/p/itme66a7db79ef87,flipkart
Midiron Chocolate Gift Hamper | love gift hamper Fudges,306.0,,https://www.flipkart.com/midiron-chocolate-gift-hamper-love-fudges/p/itm0ca608975d598,flipkart
"Chocoloony Chocolate Hamper Gift for Valentine, Rakhi, Anniversary, Birthday Caramels",346.0,,https://www.flipkart.com/chocoloony-chocolate-hamper-gift-valentine-rakhi-anniversary-birthday-caramels/p/itm5047dc26f8b85,flipkart
Midiron Festive Season Chocolate Gift Hamper for Christmas Celebration & Joy Assorted Gift Box,286.0,,https://www.flipkart.com/midiron-festive-season-chocolate-gift-hamper-christmas-celebration-joy-assorted-box/p/itm3817832dcf087,flipkart
Midiron Christmas Party Chocolate Hamper | Tasty Gift for Joyful Gatherings Assorted Gift Box,693.0,,https://www.flipkart.com/midiron-christmas-party-chocolate-hamper-tasty-gift-joyful-gatherings-assorted-box/p/itm9a13bb1788d5e,flipkart
Midiron Elegant Birthday Chocolate Gift Hamper – Luxury Treat for Him & Her Assorted Gift Box,411.0,,https://www.flipkart.com/midiron-elegant-birthday-chocolate-gift-hamper-luxury-treat-him-her-assorted-box/p/itm8448388449cc8,flipkart
Midiron Elegant Christmas Chocolate Hamper for Sweet Holiday Wishes Assorted Gift Box,286.0,,https://www.flipkart.com/midiron-elegant-christmas-chocolate-hamper-sweet-holiday-wishes-assorted-gift-box/p/itm3dd6baa119673,flipkart
Midiron Christmas Sweet Delight Hamper for Heartfelt Celebrations Assorted Gift Box,286.0,,https://www.flipkart.com/midiron-christmas-sweet-delight-hamper-heartfelt-celebrations-assorted-gift-box/p/itm3924c5b97337f,flipkart
Midiron Birthday Chocolate Gift Hamper – Delicious Treats for Friends & Family Assorted Gift Box,460.0,,https://www.flipkart.com/midiron-birthday-chocolate-gift-hamper-delicious-treats-friends-family-assorted-box/p/itm0351e60ed354a,flipkart
Midiron Classic Christmas Chocolate Hamper | Sweet Treats for Holiday Joy Assorted Gift Box,609.0,,https://www.flipkart.com/midiron-classic-christmas-chocolate-hamper-sweet-treats-holiday-joy-assorted-gift-box/p/itmea9a5cd991ea9,flipkart
Midiron Chocolate Gift Hamper | Special Gift Combo for Valentine's Day/Birthday -32 Paper Gift Box,235.0,,https://www.flipkart.com/midiron-chocolate-gift-hamper-special-combo-valentine-s-day-birthday-32-paper-box/p/itm3deb1fcb36d6d,flipkart
Midiron Merry Christmas Chocolate Gift Box | Delicious Holiday Celebration Treat Assorted Gift Box,382.0,,https://www.flipkart.com/midiron-merry-christmas-chocolate-gift-box-delicious-holiday-celebration-treat-assorted/p/itmef5e085359f9b,flipkart
Midiron Luxury Birthday Chocolate Hamper – Delicious Sweet Treat for Loved Ones Assorted Gift Box,453.0,,https://www.flipkart.com/midiron-luxury-birthday-chocolate-hamper-delicious-sweet-treat-loved-ones-assorted-gift-box/p/itm6a159bdf03e08,flipkart
Midiron Festive Christmas Chocolate Hamper | Perfect Gift for Friends & Family Assorted Gift Box,336.0,,https://www.flipkart.com/midiron-festive-christmas-chocolate-hamper-perfect-gift-friends-family-assorted-box/p/itmbdd3d2996e526,flipkart
Midiron Christmas Special Chocolate Hamper | Gift of Sweetness & Celebration Assorted Gift Box,567.0,,https://www.flipkart.com/midiron-christmas-special-chocolate-hamper-gift-sweetness-celebration-assorted-box/p/itm97fb934bcb1e5,flipkart
"TinyGlads Love Chocolate Gift - Keychain,Bracelet,Greeting Card,Rose,Special Love Messages Assorted Gift Box",374.0,,https://www.flipkart.com/tinyglads-love-chocolate-gift-keychain-bracelet-greeting-card-rose-special-messages-assorted-box/p/itm92a3cd588eee5,flipkart
Midiron Holiday Special Chocolate Gift Hamper | Delicious Christmas Celebration Box Assorted Gift Box,650.0,,https://www.flipkart.com/midiron-holiday-special-chocolate-gift-hamper-delicious-christmas-celebration-box-assorted/p/itm246ea90630957,flipkart
Midiron Soft Red Teddy | Chocolate Gift Hamper | Valentine's Day Gift Hamper | IZ-11 Paper Gift Box,370.0,,https://www.flipkart.com/midiron-soft-red-teddy-chocolate-gift-hamper-valentine-s-day-iz-11-paper-box/p/itm80b613e256856,flipkart
Midiron Special Diwali Chocolate Collection – Thoughtful Festive Gift for Loved Ones Assorted Gift Box,581.0,,https://www.flipkart.com/midiron-special-diwali-chocolate-collection-thoughtful-festive-gift-loved-ones-assorted-box/p/itme584d96b29505,flipkart
Midiron Premium Diwali Chocolate Hamper – Perfect Celebration Gift for Festive Occasions Assorted Gift Box,581.0,,https://www.flipkart.com/midiron-premium-diwali-chocolate-hamper-perfect-celebration-gift-festive-occasions-assorted-box/p/itm0259129782e64,flipkart
Midiron Special Birthday Chocolate Gift Box – Perfect Hamper for Celebration Assorted Gift Box,453.0,,https://www.flipkart.com/midiron-special-birthday-chocolate-gift-box-perfect-hamper-celebration-assorted/p/itme039fc010395c,flipkart
Midiron Birthday Chocolate Gift Box – Perfect Luxury Hamper for Loved Ones Assorted Gift Box,453.0,,https://www.flipkart.com/midiron-birthday-chocolate-gift-box-perfect-luxury-hamper-loved-ones-assorted/p/itm1393476e66f7f,flipkart
Midiron Birthday Chocolate Gift Box| Happy Birthday Gift For Girl/Wife/Fiancee Ceramic Gift Box,342.0,,https://www.flipkart.com/midiron-birthday-chocolate-gift-box-happy-girl-wife-fiancee-ceramic-box/p/itmb346e5e26209b,flipkart
"Midiron Deepawali Hamper For Friends, Relatives. SG01 Paper Gift Box",278.0,,https://www.flipkart.com/midiron-deepawali-hamper-friends-relatives-sg01-paper-gift-box/p/itm862c623c21880,flipkart
Midiron Gift For Birthday Special| Birthday Mug For Couple/Girl|Chocolate Gift Box Ceramic Gift Box,339.0,,https://www.flipkart.com/midiron-gift-birthday-special-mug-couple-girl-chocolate-box-ceramic/p/itm6a95b61add494,flipkart
"Midiron Lovely Gift Hamper For Girls,Boyfriend,Women,Wife,Husband/ Ceramic Gift Box",313.0,,https://www.flipkart.com/midiron-lovely-gift-hamper-girls-boyfriend-women-wife-husband-ceramic-box/p/itm87b8104bc87e7,flipkart
Midiron Chocolate Gift Hamper for Brother – A Rakhi Surprise with Festive Flavor Assorted Gift Box,554.0,,https://www.flipkart.com/midiron-chocolate-gift-hamper-brother-rakhi-surprise-festive-flavor-assorted-box/p/itm6bff079a6e2e5,flipkart
Midiron Chocolate Gift Hamper | Special Gift Combo for Valentine's Day/Birthday -43 Paper Gift Box,247.0,,https://www.flipkart.com/midiron-chocolate-gift-hamper-special-combo-valentine-s-day-birthday-43-paper-box/p/itmfb33e67dfd028,flipkart
Midiron Happy Birthday Coffee Mug|Birthday Gift Combo For Couple/Fiancee/Wife Ceramic Gift Box,333.0,,https://www.flipkart.com/midiron-happy-birthday-coffee-mug-birthday-gift-combo-couple-fiancee-wife-ceramic-box/p/itmf15202ff195ed,flipkart
SSKE Gift Pack (Chocolate 10 Pcs / Mixed Dry Fruits 100g) / Spices 100g) Combo,539.0,,https://www.flipkart.com/sske-gift-pack-chocolate-10-pcs-mixed-dry-fruits-100g-spices-combo/p/itmb6f90c6f187e5,flipkart
SSKE Chocolate Gift Pack 330g (Pistachio/Almond/Cashew/Caramel Crunch/Vanilla/Dark Chocolate) 30 PCS Combo,411.0,,https://www.flipkart.com/sske-chocolate-gift-pack-330g-pistachio-almond-cashew-caramel-crunch-vanilla-dark-chocolate-30-pcs-combo/p/itm79da72e00d6c6,flipkart
"Exciting Lives Diwali Chocolates And Dry Fruits Combo/Mug, Diya, Dry Fruits And Chocolate Combo",796.0,,https://www.flipkart.com/exciting-lives-diwali-chocolates-dry-fruits-combo-mug-diya-chocolate-combo/p/itm71e44cfa09e71,flipkart
SSKE Gift Pack (Chocolate 15 Pcs / Mixed Dry Fruits 150g) Combo,375.0,,https://www.flipkart.com/sske-gift-pack-chocolate-15-pcs-mixed-dry-fruits-150g-combo/p/itma79ac8cf5358b,flipkart
"Yolo Roots Healthy Breakfast & Snack Combo | Muesli, Trail Mix, Seeds & Date Bites Combo",1650.0,,https://www.flipkart.com/yolo-roots-healthy-breakfast-snack-combo-muesli-trail-mix-seeds-date-bites/p/itm1102a73355a52,flipkart
SRC Creations Milk Chocolate covered Almonds 100g and Cashew 100g Combo| Dry Fruit Chocolate Caramels,306.0,,https://www.flipkart.com/src-creations-milk-chocolate-covered-almonds-100g-cashew-combo-dry-fruit-caramels/p/itmb28f56d93f29d,flipkart
"razzledazzle Dry Fruits Chocolate Combo Pack Bars, Bites",393.0,,https://www.flipkart.com/razzledazzle-dry-fruits-chocolate-combo-pack-bars-bites/p/itmda9cd91a0cb23,flipkart
Zoroy Luxury Chocolate Ramadan Dry Fruit Filled Dates and 9 Eid Mubarak chocolates 280G Combo,1888.0,,https://www.flipkart.com/zoroy-luxury-chocolate-ramadan-dry-fruit-filled-dates-9-eid-mubarak-chocolates-280g-combo/p/itm1389d3f36e73e,flipkart
Zoroy Luxury Chocolate Gourmet box of goodies and chocolates Combo,2209.0,,https://www.flipkart.com/zoroy-luxury-chocolate-gourmet-box-goodies-chocolates-combo/p/itme7bd74fe466bf,flipkart
Expelite Diwali Chocolate Gift Combo - Best Dryfruits & Chocolates Gift For Diwali Bars,428.0,,https://www.flipkart.com/expelite-diwali-chocolate-gift-combo-best-dryfruits-chocolates-bars/p/itmbb0cee87fbb7a,flipkart
"vt real nutri DRY FRUIT & NUT AND CHOCOLATE GIFT HAMPER/BASKET/BOX/PACK 1500gm Cashews, Almonds, Pistachios, Raisins, Apricots",3101.0,,https://www.flipkart.com/vt-real-nutri-dry-fruit-nut-chocolate-gift-hamper-basket-box-pack-1500gm-cashews-almonds-pistachios-raisins-apricots/p/itm64f9e6be00364,flipkart
"Jaiccha Nutties and California Almonds with Roli, Chawal and Chandan Combo",398.0,,https://www.flipkart.com/jaiccha-nutties-california-almonds-roli-chawal-chandan-combo/p/itm7a682e62d3c52,flipkart
FabBites Cadbury dairy milk silk chocolate bar with chocolate message -Happy rakshabandhan chocolate Message/Quote with Dairy Milk Silk Fruit and Nut Combo,349.0,,https://www.flipkart.com/fabbites-cadbury-dairy-milk-silk-chocolate-bar-message-happy-rakshabandhan-message-quote-fruit-nut-combo/p/itm6de7d7df2089f,flipkart
FabBites Milk chocolate coated almond with strawberry almond with rakhi Combo,349.0,,https://www.flipkart.com/fabbites-milk-chocolate-coated-almond-strawberry-rakhi-combo/p/itm79ed2aacadf35,flipkart
"vt real nutri Dry Fruits Rakhi Combo Pack - (800GM * 6) 125g (Almonds, Cashews, Pistachios, Raisins,Apricot,Walnut + Hershey's and Cadbury Celebrations Choclate) - All Premium Combo",1689.0,,https://www.flipkart.com/vt-real-nutri-dry-fruits-rakhi-combo-pack-800gm-6-125g-almonds-cashews-pistachios-raisins-apricot-walnut-hershey-s-cadbury-celebrations-choclate-all-premium/p/itm48bf76dc8f563,flipkart
"vt real nutri Dry Fruits Rakhi Combo Pack - (1KG * 4) 250g (Almonds, Cashews, Pistachios, Raisins,+ Ferrero Rocher and Dairy Milk Choclate) - All Premium Combo",2500.0,,https://www.flipkart.com/vt-real-nutri-dry-fruits-rakhi-combo-pack-1kg-4-250g-almonds-cashews-pistachios-raisins-ferrero-rocher-dairy-milk-choclate-all-premium/p/itme518e4e8f4d20,flipkart
"vt real nutri Dry Fruits Rakhi Combo Pack - (1KG * 4) 250g (Almonds, Cashews, Pistachios, Raisins,+ KitKat and Dairy Milk Choclate) - All Premium Combo",2241.0,,https://www.flipkart.com/vt-real-nutri-dry-fruits-rakhi-combo-pack-1kg-4-250g-almonds-cashews-pistachios-raisins-kitkat-dairy-milk-choclate-all-premium/p/itm0bbfb7f657d21,flipkart
"vt real nutri Dry Fruits Rakhi Combo Pack - (700GM * 5+1) 100g (Almonds, Cashews, Pistachios, Raisins,Walnut, Handmade Choli Silk + Dairy Milk) - All Premium Combo",1913.0,,https://www.flipkart.com/vt-real-nutri-dry-fruits-rakhi-combo-pack-700gm-5-1-100g-almonds-cashews-pistachios-raisins-walnut-handmade-choli-silk-dairy-milk-all-premium/p/itmc30b20b7464be,flipkart
"vt real nutri Dry Fruits Rakhi Combo Pack - (1KG * 4) 250g (Almonds, Cashews, Pistachios, Raisins,+ Cadbury Celebrations and Dairy Milk Choclate) - All Premium Combo",2578.0,,https://www.flipkart.com/vt-real-nutri-dry-fruits-rakhi-combo-pack-1kg-4-250g-almonds-cashews-pistachios-raisins-cadbury-celebrations-dairy-milk-choclate-all-premium/p/itmc3880d5105669,flipkart
OddClick Chocolate Gifts Combo I Love You I'm Sorry gift box gift pack Combo,319.0,,https://www.flipkart.com/oddclick-chocolate-gifts-combo-love-you-i-m-sorry-gift-box-pack/p/itm0a35029f7d02a,flipkart
HEALTHY CRAVE CUISINE Kids Choco Delight Mango Dry Fruit Chocolate BItes Bites,261.0,,https://www.flipkart.com/healthy-crave-cuisine-kids-choco-delight-mango-dry-fruit-chocolate-bites/p/itm05e8341a11175,flipkart
OddClick Unique I Love You gift Chocolate Teddy Rose Heart Gifts Box Combo Pack Combo,440.0,,https://www.flipkart.com/oddclick-unique-love-you-gift-chocolate-teddy-rose-heart-gifts-box-combo-pack/p/itm7c302c615a4ee,flipkart
OddClick Unique I Love You Valentine gift Chocolate Gifts Box Combo Pack Combo,270.0,,https://www.flipkart.com/oddclick-unique-love-you-valentine-gift-chocolate-gifts-box-combo-pack/p/itmdef760ee21cb5,flipkart
"Classic Nuts Combo Pack | Colorful Candy & Rich Chocolate Gems | Fun, Sweet, and Delicious Tutti Frutti, Chocolate Munchies Gems Candy",163.0,,https://www.flipkart.com/classic-nuts-combo-pack-colorful-candy-rich-chocolate-gems-fun-sweet-delicious-tutti-frutti-munchies/p/itm3b343230f971d,flipkart
"Classic Nuts Mouth Freshener Combo Pack | Sweet & Tangy Traditional Indian Snacks | Delicious Mango Slices, Anardana Goli Mouth Freshener",164.0,,https://www.flipkart.com/classic-nuts-mouth-freshener-combo-pack-sweet-tangy-traditional-indian-snacks-delicious-mango-slices-anardana-goli/p/itm98ddb93a1a0a3,flipkart
LuvIt Luscious Fruit & Nut Chocolate | Multipack | Deliciously Smooth Bars,405.0,,https://www.flipkart.com/luvit-luscious-fruit-nut-chocolate-multipack-deliciously-smooth-bars/p/itm245162ce7d29a,flipkart
"Happy Basket By Simran Dry Fruit tray gift hamper for Diwali, New year with dry fruits & Ferrero Rocher Combo",783.0,,https://www.flipkart.com/happy-basket-simran-dry-fruit-tray-gift-hamper-diwali-new-year-fruits-ferrero-rocher-combo/p/itm223dc5718542a,flipkart
Keeros Diwali Gift Hamper for Family & Friends in a Premium Gift Pack with Brass Diya Combo,867.0,,https://www.flipkart.com/keeros-diwali-gift-hamper-family-friends-premium-pack-brass-diya-combo/p/itm47a96038462f7,flipkart
The Gift Studio Gift Light & Delight Hamper Combo,1753.0,,https://www.flipkart.com/gift-studio-light-delight-hamper-combo/p/itmb127c249df026,flipkart
HEALTHY CRAVE CUISINE Kids Choco Delight Strawberry Dry Fruit Chocolate Bites,270.0,,https://www.flipkart.com/healthy-crave-cuisine-kids-choco-delight-strawberry-dry-fruit-chocolate-bites/p/itm162a63a81b475,flipkart
Midiron Friends & Relative on Diwali with Chocolate and Dry Fruits Combo,515.0,,https://www.flipkart.com/midiron-friends-relative-diwali-chocolate-dry-fruits-combo/p/itm8b993361679e1,flipkart
Saugat Traders ST0006088 Combo,401.0,,https://www.flipkart.com/saugat-traders-st0006088-combo/p/itm19f3a46c490f0,flipkart
Dessertspring DAZZLS - 180G 2 ROASTED ALMOND CHOCOLATE + 2 FRUIT & NUTS CHOCOLATE - PACK OF 4 Bites,577.0,,https://www.flipkart.com/dessertspring-dazzls-180g-2-roasted-almond-chocolate-fruit-nuts-pack-4-bites/p/itmbbe81486d7581,flipkart
OddClick Unique Happy Birthday My Dear Husband Chocolate Gifts Box Combo Pack Combo,315.0,,https://www.flipkart.com/oddclick-unique-happy-birthday-my-dear-husband-chocolate-gifts-box-combo-pack/p/itmb065f92b44e18,flipkart
Expelite Chocolate for rakhi -12 pieces Best Rakhi gifts for sister Bars,259.0,,https://www.flipkart.com/expelite-chocolate-rakhi-12-pieces-best-gifts-sister-bars/p/itmff8d78742d5e0,flipkart
Haldiram's Jute Chocolate Basket with Khajur Dry Fruit Burfee Combo,960.0,,https://www.flipkart.com/haldiram-s-jute-chocolate-basket-khajur-dry-fruit-burfee-combo/p/itm3d6dad2cd4483,flipkart
GD Dryfruit 100% Natural Premium Whole Cashew 200Gm (Chocolate ) Flavour& Amla Candy 200Gm (Pack of 2) 400Gm (Combo Pack) Combo,426.0,,https://www.flipkart.com/gd-dryfruit-100-natural-premium-whole-cashew-200gm-chocolate-flavour-amla-candy-pack-2-400gm-combo-pack-combo/p/itmf39fa195e1cb1,flipkart
"PRIDE STORE Diwali Dry Fruits Gift Pack, 300gm [Cashew, Almond, Walnuts and Raisins] - Healthy & Perfect Gift Hamper for Every Occasion | | Diwali Dry Fruits Gift Hampers Pack | Diwali Festival Celebration | Deepawali Gift Pack For Family, Friends, Birthday Corporate Office Gifts Combo Combo",609.0,,https://www.flipkart.com/pride-store-diwali-dry-fruits-gift-pack-300gm-cashew-almond-walnuts-raisins-healthy-perfect-hamper-every-occasion-hampers-pack-festival-celebration-deepawali-family-friends-birthday-corporate-office-gifts-combo/p/itmed71e7b5c6c1c,flipkart
Gum & Green Coolant Combo Gond Katira+ Chia Seeds Total 420g Dried Gum,270.0,,https://www.flipkart.com/gum-green-coolant-combo-gond-katira-chia-seeds-total-420g-dried/p/itm7dd7fcf3a3100,flipkart
Nature Aahar Summer Heat Cooler Combo Pack - Gond Katira & chia seeds (100gm each)100gm*2 Dried Gum,159.0,,https://www.flipkart.com/nature-aahar-summer-heat-cooler-combo-pack-gond-katira-chia-seeds-100gm-each-100gm-2-dried-gum/p/itme94d4c6fd205a,flipkart
"WINNI CELEBRATE RELATIONS Luxury 12 Pcs Chocolates+Almond & Cashew Dryfruits With Valentine Gift Card Pack Truffles, Bites",1549.0,,https://www.flipkart.com/winni-celebrate-relations-luxury-12-pcs-chocolates-almond-cashew-dryfruits-valentine-gift-card-pack-truffles-bites/p/itmf36ef79e57ac3,flipkart
"Expelite Eid Mubarak Chocolate Gift Combo,35 Grams Each (Pack of 3) Bars",214.0,,https://www.flipkart.com/expelite-eid-mubarak-chocolate-gift-combo-35-grams-each-pack-3-bars/p/itmc2a3cbc67dab7,flipkart
Expelite Almond FruitNut Chocolate Bar Combo|35 Grams Each -Pack of 4|Chocolate Gift Pack Bars,215.0,,https://www.flipkart.com/expelite-almond-fruitnut-chocolate-bar-combo-35-grams-each-pack-4-chocolate-gift-pack-bars/p/itm6f20d07a2ded8,flipkart
"Expelite Holi Gift Chocolate Combo , 35 Grams Each (PACK OF 6) Bars",298.0,,https://www.flipkart.com/expelite-holi-gift-chocolate-combo-35-grams-each-pack-6-bars/p/itmfa3c90daa115d,flipkart
"SHIVAAY trial nut mix dryfruits and seeds 1kg Almonds, Cashews, Raisins, Apricots, Walnuts, Dates, Assorted Seeds & Nuts",434.0,,https://www.flipkart.com/shivaay-trial-nut-mix-dryfruits-seeds-1kg-almonds-cashews-raisins-apricots-walnuts-dates-assorted-nuts/p/itm7d965889b8258,flipkart
Expelite Eid Mubarak Dry Fruits Chocolate gift 6 pieces - Gift for Friends Bars,250.0,,https://www.flipkart.com/expelite-eid-mubarak-dry-fruits-chocolate-gift-6-pieces-friends-bars/p/itm88a0c3e8569e8,flipkart
"Ghasitaram Gifts Christmas-Wooden Cutlery Stand with T-lites, Kaju Katli, crunchy Cashews, Chocolate Coated Almonds Combo",2476.0,,https://www.flipkart.com/ghasitaram-gifts-christmas-wooden-cutlery-stand-t-lites-kaju-katli-crunchy-cashews-chocolate-coated-almonds-combo/p/itmb7f752a53ed62,flipkart
FERRERO ROCHER Chocolates With Christmas Card And Christmas Cap Combo,849.0,,https://www.flipkart.com/ferrero-rocher-chocolates-christmas-card-cap-combo/p/itm7e84cd9dc4d21,flipkart
Swankit's Dryfruits & Chocolate Combo with Wooden Tray Combo,877.0,,https://www.flipkart.com/swankit-s-dryfruits-chocolate-combo-wooden-tray/p/itm162b4f0197792,flipkart
"Happy Basket By Simran Designer Dry Fruit Box with 4 Dry Fruits | Gift for Diwali, Corporate Gifting Combo",822.0,,https://www.flipkart.com/happy-basket-simran-designer-dry-fruit-box-4-fruits-gift-diwali-corporate-gifting-combo/p/itm89aa7d2b4be6c,flipkart
"FabBites Pista Chocolate Healthy Dry Fruit Delight Sweets Pack |Chocolate Sweets Gift Box for Diwali , Rakhi , Holi, Birthday, Anniversary ,Wedding| 260 Gram Bars",355.0,,https://www.flipkart.com/fabbites-pista-chocolate-healthy-dry-fruit-delight-sweets-pack-chocolate-gift-box-diwali-rakhi-holi-birthday-anniversary-wedding-260-gram-bars/p/itm3d5d0893898a6,flipkart
Expelite Rakhi chocolate combo hamper pack for brother sister raksha bandhan Bars,245.0,,https://www.flipkart.com/expelite-rakhi-chocolate-combo-hamper-pack-brother-sister-raksha-bandhan-bars/p/itm6d3ca9bcbb89a,flipkart
Expelite Six Fruit and Nut Chocolate Bars Dry Fruits Bars,215.0,,https://www.flipkart.com/expelite-six-fruit-nut-chocolate-bars-dry-fruits/p/itmab0e15ddaeec6,flipkart
Expelite Diwali Chocolate Gift Pack - 24 Pieces Diwali Gift Hamper with Dryfruits Bars,649.0,,https://www.flipkart.com/expelite-diwali-chocolate-gift-pack-24-pieces-hamper-dryfruits-bars/p/itmf63d72c8ffb42,flipkart
"Expelite Special Rakhi Chocolate Combo, 35 g Each (PACK OF 6), Rakhi Gift for Sister Bars",253.0,,https://www.flipkart.com/expelite-special-rakhi-chocolate-combo-35-g-each-pack-6-gift-sister-bars/p/itmc27afbee724ab,flipkart
"Expelite Bhai Dooj Gift Combo Brother Dryfruits, Chocolates , Tika Roli Greeting -25pc Bars",606.0,,https://www.flipkart.com/expelite-bhai-dooj-gift-combo-brother-dryfruits-chocolates-tika-roli-greeting-25pc-bars/p/itmd132f867cb3cb,flipkart
"Ghasitaram Gifts Christmas Gifts-Hexagon Tray with 6 Bites, T-lites, Coasters and Mixed Dryfruit Jar Combo",2012.0,,https://www.flipkart.com/ghasitaram-gifts-christmas-gifts-hexagon-tray-6-bites-t-lites-coasters-mixed-dryfruit-jar-combo/p/itmcef518d308bdd,flipkart
"Expelite Special Rakhi Combo gift Pack to bhai -4 pieces Raksha bandhan chocolate Gift box Bars, Bites",207.0,,https://www.flipkart.com/expelite-special-rakhi-combo-gift-pack-bhai-4-pieces-raksha-bandhan-chocolate-box-bars-bites/p/itm1540aacc13e2b,flipkart
Ghasitaram Gifts Fruit n nut Box of 4 Cashews 800 gms Combo,2209.0,,https://www.flipkart.com/ghasitaram-gifts-fruit-n-nut-box-4-cashews-800-gms-combo/p/itm9b09222825e97,flipkart
"vt real nutri DRY FRUIT &NUT &CHOCOLATE AND COKKIES GIFT HAMPER/BASKET/BOX/PACK 750GM Almonds, Cashews, Pistachios, Raisins",1986.0,,https://www.flipkart.com/vt-real-nutri-dry-fruit-nut-chocolate-cokkies-gift-hamper-basket-box-pack-750gm-almonds-cashews-pistachios-raisins/p/itm0c9ed541e1dad,flipkart
"Midiron Rakhi gift Pack, Rakhi Celebration Chocolate Box with Rakhi Combo",344.0,,https://www.flipkart.com/midiron-rakhi-gift-pack-celebration-chocolate-box-combo/p/itmef80f8bf0fdcf,flipkart
"TinyGlads Premium Chocolate Jars Combo | Festive & Corporate Gifting Truffles, Bites",1318.0,,https://www.flipkart.com/tinyglads-premium-chocolate-jars-combo-festive-corporate-gifting-truffles-bites/p/itme8a55c7030292,flipkart
TinyGlads Dual Festive Christmas & New Year Chocolate Combo Pack Bites,738.0,,https://www.flipkart.com/tinyglads-dual-festive-christmas-new-year-chocolate-combo-pack-bites/p/itm06517cb6e97f0,flipkart
TinyGlads New Year Chocolate Combo Pack Bites,986.0,,https://www.flipkart.com/tinyglads-new-year-chocolate-combo-pack-bites/p/itmdbd48a396a7da,flipkart
TinyGlads Merry Christmas & New Year Chocolate Combo Gift Bites,838.0,,https://www.flipkart.com/tinyglads-merry-christmas-new-year-chocolate-combo-gift-bites/p/itm0f44794bff2c6,flipkart
TinyGlads Chocolate Treat Combo Box Truffles,986.0,,https://www.flipkart.com/tinyglads-chocolate-treat-combo-box-truffles/p/itm85e11cd21cb0d,flipkart
Expelite Cranberry Dry Fruits Chocolate gift box - 4 pieces Bars,203.0,,https://www.flipkart.com/expelite-cranberry-dry-fruits-chocolate-gift-box-4-pieces-bars/p/itm5a25b4d9f67d9,flipkart
"FabBites Mango Chocolate Healthy Dry Fruit Ladoo Sweets Pack |Chocolate Sweets Gift Box for Diwali , Rakhi , Holi, Birthday, Anniversary ,Wedding| 400 Gram Bars",693.0,,https://www.flipkart.com/fabbites-mango-chocolate-healthy-dry-fruit-ladoo-sweets-pack-chocolate-gift-box-diwali-rakhi-holi-birthday-anniversary-wedding-400-gram-bars/p/itm756adb0d56edf,flipkart
"Jaiccha Ghasitaram Hamper Box of Sweets / Bites, Namkeen and Dryfruit-GGHB Combo",1388.0,,https://www.flipkart.com/jaiccha-ghasitaram-hamper-box-sweets-bites-namkeen-dryfruit-gghb-combo/p/itm6b786a4fd2e06,flipkart
The Gift Studio Fruitful Tray Combo,1206.0,,https://www.flipkart.com/gift-studio-fruitful-tray-combo/p/itmd9e7ac0ec7d8d,flipkart
"FabBites Strawberry Chocolate Healthy Dry Fruit Ladoo Sweets Pack |Chocolate Sweets Gift Box for Diwali , Rakhi , Holi, Birthday, Anniversary ,Wedding| 400 Gram Bars",649.0,,https://www.flipkart.com/fabbites-strawberry-chocolate-healthy-dry-fruit-ladoo-sweets-pack-chocolate-gift-box-diwali-rakhi-holi-birthday-anniversary-wedding-400-gram-bars/p/itmfdd6e39813b4f,flipkart
"FabBites Milk Chocolate Dry Fruit Ladoo Sweets Pack |Chocolate Sweets Gift Box for Diwali , Rakhi , Holi, Birthday, Anniversary ,Wedding| 400 Gram Bars",616.0,,https://www.flipkart.com/fabbites-milk-chocolate-dry-fruit-ladoo-sweets-pack-chocolate-gift-box-diwali-rakhi-holi-birthday-anniversary-wedding-400-gram-bars/p/itm302c886112da3,flipkart
"FabBites Strawberry Chocolate Dry Fruit Delight Sweets Pack |Chocolate Sweets Gift Box for Diwali , Rakhi , Holi, Birthday, Anniversary ,Wedding| 260 Gram Bars",399.0,,https://www.flipkart.com/fabbites-strawberry-chocolate-dry-fruit-delight-sweets-pack-chocolate-gift-box-diwali-rakhi-holi-birthday-anniversary-wedding-260-gram-bars/p/itmb1bf74aab88b3,flipkart
"FabBites chocolate venue White Chocolate Dry Fruit Delight Sweets Pack |Chocolate Sweets Gift Box for Diwali , Rakhi , Holi, Birthday, Anniversary ,Wedding| 260 Gram Bars",399.0,,https://www.flipkart.com/fabbites-chocolate-venue-white-dry-fruit-delight-sweets-pack-chocolate-gift-box-diwali-rakhi-holi-birthday-anniversary-wedding-260-gram-bars/p/itm0a26662f3a69a,flipkart
"FabBites Milk chocolate almond delight with 4 rakhi and roli, chawal Combo",399.0,,https://www.flipkart.com/fabbites-milk-chocolate-almond-delight-4-rakhi-roli-chawal-combo/p/itm8b44c0361f320,flipkart
Moshiks 250 GM LOSE DARK FRUIT & NUT CHOCOLATES Bars,336.0,,https://www.flipkart.com/moshiks-250-gm-lose-dark-fruit-nut-chocolates-bars/p/itmf3gvzaydcuyda,flipkart
Moshiks Milk and White Candy Fruit 200 gm Pouch Combo Bars,274.0,,https://www.flipkart.com/moshiks-milk-white-candy-fruit-200-gm-pouch-combo-bars/p/itm555d64aeeed24,flipkart
"vt real nutri CASHEW, ALMOND, RAISIN, PISTACHIO, WALNUT, APRICOT, FERRERO ROCHER 250*6(1.5KG) Combo",3047.0,,https://www.flipkart.com/vt-real-nutri-cashew-almond-raisin-pistachio-walnut-apricot-ferrero-rocher-250-6-1-5kg-combo/p/itm6dc819e13b455,flipkart
A-ONE GROCERY T12 Luxury Chocolate Box for Valentine’s Day Celebration Truffles,282.0,,https://www.flipkart.com/a-one-grocery-t12-luxury-chocolate-box-valentines-day-celebration-truffles/p/itmdb898d7be8816,flipkart
Expelite Chocolate Gift Bar Box for Husband-100g For Anniversary Bars,175.0,,https://www.flipkart.com/expelite-chocolate-gift-bar-box-husband-100g-anniversary-bars/p/itm9b42712103bd7,flipkart
Expelite Handcrafted Chocolates - 4 pieces Chocolates Gift Box Luxury Theme Bars,200.0,,https://www.flipkart.com/expelite-handcrafted-chocolates-4-pieces-gift-box-luxury-theme-bars/p/itm77ec21e2953dd,flipkart
"Zoroy Luxury Chocolate Valentines day Message Box saying "" U Mean the World to Me"" Combo",980.0,,https://www.flipkart.com/zoroy-luxury-chocolate-valentines-day-message-box-saying-u-mean-world-me-combo/p/itmfc9jhzsvx8zcw,flipkart
CHOCOINDIANART Graceful Happy Birthday Day-06pcs Delicious Chocolate Gift || Truffles,419.0,,https://www.flipkart.com/chocoindianart-graceful-happy-birthday-day-06pcs-delicious-chocolate-gift-truffles/p/itm21901010dd6fe,flipkart
Zoroy Luxury Chocolate Votive Combo Gift Box with a beautiful gold votive Cookies & Drinking Chocolate Combo,1490.0,,https://www.flipkart.com/zoroy-luxury-chocolate-votive-combo-gift-box-beautiful-gold-cookies-drinking/p/itm3496aa48b93fe,flipkart
CHOCOINDIANART Graceful Happy New Year 18pcs Delicious Chocolate Gift 5 | Truffles,891.0,,https://www.flipkart.com/chocoindianart-graceful-happy-new-year-18pcs-delicious-chocolate-gift-5-truffles/p/itm277fc5ed8f264,flipkart
CHOCOINDIANART Super Welcome 12pcs Delicious Chocolate Gift || Bars,615.0,,https://www.flipkart.com/chocoindianart-super-welcome-12pcs-delicious-chocolate-gift-bars/p/itmacd707d19f9e1,flipkart
SNICKERS Fully Loaded With Peanut Filled With Caramel (IMPORTED) (Pack Of 20) Bars,2350.0,,https://www.flipkart.com/snickers-fully-loaded-peanut-filled-caramel-imported-pack-20-bars/p/itm96b3e00819d48,flipkart
"CHOCOINDIANART Graceful Happy Valentine's Day, 06pcs Delicious Chocolate Gift, Truffles",215.0,,https://www.flipkart.com/chocoindianart-graceful-happy-valentine-s-day-06pcs-delicious-chocolate-gift-truffles/p/itmb26a8df16fd5e,flipkart
"CHOCOINDIANART Graceful Happy Birthday Day, 06pcs Delicious Chocolate Gift, Truffles",223.0,,https://www.flipkart.com/chocoindianart-graceful-happy-birthday-day-06pcs-delicious-chocolate-gift-truffles/p/itm0a12ebccb64b1,flipkart
"CHOCOINDIANART Graceful Happy Birthday, 06pcs Delicious Chocolate Gift, Truffles",244.0,,https://www.flipkart.com/chocoindianart-graceful-happy-birthday-06pcs-delicious-chocolate-gift-truffles/p/itm2630b40141bdb,flipkart
CHOCOINDIANART Graceful Happy Valentine Day 6pcs Delicious Chocolate Gift Truffles,232.0,,https://www.flipkart.com/chocoindianart-graceful-happy-valentine-day-6pcs-delicious-chocolate-gift-truffles/p/itmf3decfaa98535,flipkart
"LuvIt Cocoa Crush - Dark Compound | Perfect for Baking, Frosting, Chocolate Making Bars",179.0,,https://www.flipkart.com/luvit-cocoa-crush-dark-compound-perfect-baking-frosting-chocolate-making-bars/p/itmb7ad28c60f21c,flipkart
LuvIt Cocoa Crush Dark Compound Bar |Pack of 2| Bars,321.0,,https://www.flipkart.com/luvit-cocoa-crush-dark-compound-bar-pack-2-bars/p/itm7ef1b80ae7ffb,flipkart
Expelite Happy Anniversary Chocolate Bar Gift for Boyfriend -100 gm Happy Anniversary Chocolate gift Box for Girlfriend Bars,172.0,,https://www.flipkart.com/expelite-happy-anniversary-chocolate-bar-gift-boyfriend-100-gm-box-girlfriend-bars/p/itmddf3d1f42927b,flipkart
CHOCOINDIANART Classic Happy Valentine Day 6pcs Delicious Chocolate Gift (11) || Truffles,101.0,,https://www.flipkart.com/chocoindianart-classic-happy-valentine-day-6pcs-delicious-chocolate-gift-11-truffles/p/itm01bb1cd512ddb,flipkart
LuvIt Luscious Milk Chocolate | Multipack | Deliciously Smooth Bars,405.0,,https://www.flipkart.com/luvit-luscious-milk-chocolate-multipack-deliciously-smooth-bars/p/itm387ab2d3c89ba,flipkart
Oya Dubai Premium Kunafa and Pistachios (with extra filling) Chocolate 80gm Bars,354.0,,https://www.flipkart.com/oya-dubai-premium-kunafa-pistachios-with-extra-filling-chocolate-80gm-bars/p/itm0d907ccbc2978,flipkart
Expelite Unique Diwali Chocolates gift - Beautiful Diwali Gift for Sister 6 wrapped choc Bars,205.0,,https://www.flipkart.com/expelite-unique-diwali-chocolates-gift-beautiful-sister-6-wrapped-choc-bars/p/itm306fea1840b0f,flipkart
CHOCOINDIANART Beautiful Happy New Year 06pcs Delicious Chocolate Gift Truffles,245.0,,https://www.flipkart.com/chocoindianart-beautiful-happy-new-year-06pcs-delicious-chocolate-gift-truffles/p/itm7a54d7cba8eb9,flipkart
Amul India Origin Chocolate & Mystic Mocha Chocolate Bars,630.0,,https://www.flipkart.com/amul-india-origin-chocolate-mystic-mocha-bars/p/itmea0a09a8a996d,flipkart
BLISSFULL BITES Birthday Celebration Chocolate Bar – Luxury Sweet Gift Bars,233.0,,https://www.flipkart.com/blissfull-bites-birthday-celebration-chocolate-bar-luxury-sweet-gift-bars/p/itm6a80d02eca4bf,flipkart
CHOCOINDIANART NEW_06_13_choco257 Truffles,237.0,,https://www.flipkart.com/chocoindianart-new-06-13-choco257-truffles/p/itm4dd0652e9cfff,flipkart
CHOCOINDIANART Very Nice Merry Christmas 06pcs Delicious Chocolate Gift Truffles,185.0,,https://www.flipkart.com/chocoindianart-very-nice-merry-christmas-06pcs-delicious-chocolate-gift-truffles/p/itmaaa2df90b6bae,flipkart
CHOCOINDIANART Interesting Merry Christmas 06pcs Delicious Chocolate Gift Truffles,185.0,,https://www.flipkart.com/chocoindianart-interesting-merry-christmas-06pcs-delicious-chocolate-gift-truffles/p/itmab030b1f2e574,flipkart
CHOCOINDIANART Nice Merry Christmas 06pcs Delicious Chocolate Gift Truffles,185.0,,https://www.flipkart.com/chocoindianart-nice-merry-christmas-06pcs-delicious-chocolate-gift-truffles/p/itmafce45b41ec83,flipkart
CHOCOINDIANART Graceful Happy New Year 06pcs Delicious Chocolate Gift Truffles,245.0,,https://www.flipkart.com/chocoindianart-graceful-happy-new-year-06pcs-delicious-chocolate-gift-truffles/p/itm1906bb042c274,flipkart
CHOCOINDIANART Gorgeous Merry Christmas 06pcs Delicious Chocolate Gift Truffles,176.0,,https://www.flipkart.com/chocoindianart-gorgeous-merry-christmas-06pcs-delicious-chocolate-gift-truffles/p/itm48e1103e8949d,flipkart
CHOCOINDIANART Good Happy Merry Christmas 06pcs Delicious Chocolate Gift 1 Truffles,176.0,,https://www.flipkart.com/chocoindianart-good-happy-merry-christmas-06pcs-delicious-chocolate-gift-1-truffles/p/itmbf0aa19b36c42,flipkart
CHOCOINDIANART Beautiful Happy Merry Christmas 06pcs Delicious Chocolate Gift Truffles,176.0,,https://www.flipkart.com/chocoindianart-beautiful-happy-merry-christmas-06pcs-delicious-chocolate-gift-truffles/p/itm9853ebbc830c9,flipkart
"CHOCOINDIANART Delightful Happy Birthday, 06pcs Delicious Chocolate Gift, Truffles",216.0,,https://www.flipkart.com/chocoindianart-delightful-happy-birthday-06pcs-delicious-chocolate-gift-truffles/p/itm226cf43b96ab5,flipkart
CHOCOINDIANART Gorgeous Happy New Year 06pcs Delicious Chocolate Gift Truffles,245.0,,https://www.flipkart.com/chocoindianart-gorgeous-happy-new-year-06pcs-delicious-chocolate-gift-truffles/p/itm92aeec7cfbbd2,flipkart
CHOCOINDIANART Amazing Merry Christmas 06pcs Delicious Chocolate Gift Truffles,176.0,,https://www.flipkart.com/chocoindianart-amazing-merry-christmas-06pcs-delicious-chocolate-gift-truffles/p/itm7c6021d20e580,flipkart
CHOCOINDIANART Superior Happy Merry Christmas 06pcs Delicious Chocolate Gift Truffles,185.0,,https://www.flipkart.com/chocoindianart-superior-happy-merry-christmas-06pcs-delicious-chocolate-gift-truffles/p/itm812f33516e7aa,flipkart
CHOCOINDIANART Amazing Merry Christmas 06pcs Delicious Chocolate Gift 1 Truffles,176.0,,https://www.flipkart.com/chocoindianart-amazing-merry-christmas-06pcs-delicious-chocolate-gift-1-truffles/p/itm307090c1df0e2,flipkart
CHOCOINDIANART Demanded Happy New Year 06pcs Delicious Chocolate Gift Truffles,245.0,,https://www.flipkart.com/chocoindianart-demanded-happy-new-year-06pcs-delicious-chocolate-gift-truffles/p/itmff4fb3f3d92c2,flipkart
fronia Dubai Kunafa Pistachio Chocolate Bar | Premium Middle Eastern Fusion Sweet Bars,371.0,,https://www.flipkart.com/fronia-dubai-kunafa-pistachio-chocolate-bar-premium-middle-eastern-fusion-sweet-bars/p/itm4cd1f93ab1c93,flipkart
Expelite Anniversary Chocolate Gift - 4 pieces wrapped Happy Anniversary Chocolate Gift Bars,178.0,,https://www.flipkart.com/expelite-anniversary-chocolate-gift-4-pieces-wrapped-happy-bars/p/itmde5a7452afb79,flipkart
BLISSFULL BITES Premium Assorted Chocolate Box 6 Pieces | Luxury Chocolate Gift Pack Bars,270.0,,https://www.flipkart.com/blissfull-bites-premium-assorted-chocolate-box-6-pieces-luxury-gift-pack-bars/p/itm925108f45f477,flipkart
Midiron Perfect Gift For Your Love One's That Comes With 15 Pieces Luxury Black Chocolate in Tin Heart Box For Every Special Occasion Gifts IZ19Choco15TinBox4Pur-02 Bites,270.0,,https://www.flipkart.com/midiron-perfect-gift-your-love-one-s-comes-15-pieces-luxury-black-chocolate-tin-heart-box-every-special-occasion-gifts-iz19choco15tinbox4pur-02-bites/p/itmfehh8yxybgnep,flipkart
"CHOCOINDIANART Sweet 20th Anniversary, 12pcs Delicious Chocolate Gift Box, Bars",388.0,,https://www.flipkart.com/chocoindianart-sweet-20th-anniversary-12pcs-delicious-chocolate-gift-box-bars/p/itme7c102e177337,flipkart
"CHOCOINDIANART Super Happy Valentine's Day, 06pcs Delicious Chocolate Gift, Truffles",318.0,,https://www.flipkart.com/chocoindianart-super-happy-valentine-s-day-06pcs-delicious-chocolate-gift-truffles/p/itmc0e2d82c87d9f,flipkart
CHOCOINDIANART Beautiful Happy Valentine Day 06pcs Delicious Chocolate Gift 4 Truffles,265.0,,https://www.flipkart.com/chocoindianart-beautiful-happy-valentine-day-06pcs-delicious-chocolate-gift-4-truffles/p/itm5063cdad57d4a,flipkart
Expelite Happy Anniversary Chocolate Bar Gift for Boyfriend-100g | Bars,219.0,,https://www.flipkart.com/expelite-happy-anniversary-chocolate-bar-gift-boyfriend-100g-bars/p/itm5fcd976debd6e,flipkart
"CHOCOINDIANART Elegant Happy Lohri, 06pcs Delicious Chocolate Gift, || Truffles",382.0,,https://www.flipkart.com/chocoindianart-elegant-happy-lohri-06pcs-delicious-chocolate-gift-truffles/p/itm430a936440e62,flipkart
CHOCOINDIANART Pleasing Happy Lohri 06pcs Delicious Chocolate Gift | Truffles,382.0,,https://www.flipkart.com/chocoindianart-pleasing-happy-lohri-06pcs-delicious-chocolate-gift-truffles/p/itm45a9c013e2a29,flipkart
CHOCOINDIANART Attractive Happy Valentine Day 6pcs Delicious Chocolate Gift || Truffles,400.0,,https://www.flipkart.com/chocoindianart-attractive-happy-valentine-day-6pcs-delicious-chocolate-gift-truffles/p/itm7eaa418dd13de,flipkart
CHOCOINDIANART Graceful Happy Birthday Day 06pcs Delicious Chocolate Gift | Truffles,382.0,,https://www.flipkart.com/chocoindianart-graceful-happy-birthday-day-06pcs-delicious-chocolate-gift-truffles/p/itma869aafaa4fde,flipkart
CHOCOINDIANART Nice Happy Valentine Day 6pcs Delicious Chocolate Gift || Truffles,382.0,,https://www.flipkart.com/chocoindianart-nice-happy-valentine-day-6pcs-delicious-chocolate-gift-truffles/p/itm66293b3e2bd2e,flipkart
CHOCOINDIANART Delightful Happy Lohri 06pcs Delicious Chocolate Gift | Truffles,382.0,,https://www.flipkart.com/chocoindianart-delightful-happy-lohri-06pcs-delicious-chocolate-gift-truffles/p/itmb6d807b8cfffb,flipkart
CHOCOINDIANART Grand Merry Christmas 06pcs Delicious Chocolate Gift | Truffles,382.0,,https://www.flipkart.com/chocoindianart-grand-merry-christmas-06pcs-delicious-chocolate-gift-truffles/p/itmc324fee9a85bd,flipkart
CHOCOINDIANART Wonderful Happy Parents Day 12pcs Delicious Chocolate Gift Bars,416.0,,https://www.flipkart.com/chocoindianart-wonderful-happy-parents-day-12pcs-delicious-chocolate-gift-bars/p/itm82b8dc1e08e39,flipkart
CHOCOINDIANART Super Welcome 12pcs Delicious Chocolate Gift Bars,416.0,,https://www.flipkart.com/chocoindianart-super-welcome-12pcs-delicious-chocolate-gift-bars/p/itmc24fdeedd2fcf,flipkart
CHOCOINDIANART Amazing Happy Parents Day 12pcs Delicious Chocolate Gift Bars,416.0,,https://www.flipkart.com/chocoindianart-amazing-happy-parents-day-12pcs-delicious-chocolate-gift-bars/p/itm6839a069cccb0,flipkart
CHOCOINDIANART Beautiful Happy Parents Day 12pcs Delicious Chocolate Gift Bars,416.0,,https://www.flipkart.com/chocoindianart-beautiful-happy-parents-day-12pcs-delicious-chocolate-gift-bars/p/itmeeff5683aa787,flipkart
Expelite Happy Anniversary Chocolate Bar Gift for Boyfriend-100g | Anniversary Gift Bars,164.0,,https://www.flipkart.com/expelite-happy-anniversary-chocolate-bar-gift-boyfriend-100g-bars/p/itm8b251fc1336ce,flipkart
Expelite Love you dad Fathers day Chocolate gift online -100 grams Bars,160.0,,https://www.flipkart.com/expelite-love-you-dad-fathers-day-chocolate-gift-online-100-grams-bars/p/itm15909607e0880,flipkart
Zoroy Luxury Chocolate Box of 5 Love Fudges,448.0,,https://www.flipkart.com/zoroy-luxury-chocolate-box-5-love-fudges/p/itmf5dz7b7tzsdtu,flipkart
"CHOCOINDIANART Wonderful 19th Anniversary, 12pcs Delicious Chocolate Gift Box, Truffles",430.0,,https://www.flipkart.com/chocoindianart-wonderful-19th-anniversary-12pcs-delicious-chocolate-gift-box-truffles/p/itm161337066e004,flipkart
Midiron Savor the Love: Chocolate Gift Box for Girlfriend & Wife-62 Fudges,315.0,,https://www.flipkart.com/midiron-savor-love-chocolate-gift-box-girlfriend-wife-62-fudges/p/itm98132d8dd02c3,flipkart
LINDT Tasty Lindor - Luxury in Every Piece Truffles,4052.0,,https://www.flipkart.com/lindt-tasty-lindor-luxury-every-piece-truffles/p/itma66a49cfb055b,flipkart
Zoroy Luxury Chocolate I love u sooo much Fudges,1189.0,,https://www.flipkart.com/zoroy-luxury-chocolate-love-u-sooo-much-fudges/p/itmf5dz7ryuxbw5q,flipkart
Expelite Happy New Year Gift Online -Large Box- Handmade Chocolates Bars,405.0,,https://www.flipkart.com/expelite-happy-new-year-gift-online-large-box-handmade-chocolates-bars/p/itme02e176111823,flipkart
Midiron Chocolate Gift Pack| Christmas & Happy New Year Chocolate Box| Christmas Gift| Chocolate Gift for Christmas| Chocolate Gift Box for Relative and Friends IZ21GB13N18Christmas-03 Fudges,330.0,,https://www.flipkart.com/midiron-chocolate-gift-pack-christmas-happy-new-year-box-gift-christmas-box-relative-friends-iz21gb13n18christmas-03-fudges/p/itm700754b69e415,flipkart
ME&YOU Luxury Chocolate Gift Box for Her Special Day-15 Bars,423.0,,https://www.flipkart.com/me-you-luxury-chocolate-gift-box-her-special-day-15-bars/p/itmebf41ba5df5aa,flipkart
"Expelite Anniversary Gift For Boyfriend - 18 PC Anniversary Chocolates For Husband Bars, Truffles",355.0,,https://www.flipkart.com/expelite-anniversary-gift-boyfriend-18-pc-chocolates-husband-bars-truffles/p/itmd17e3f3caaf8d,flipkart
"Expelite Unique Romantic Gift For Anniversary - 18 pc Chocolate gift For Anniversary Bars, Truffles",360.0,,https://www.flipkart.com/expelite-unique-romantic-gift-anniversary-18-pc-chocolate-bars-truffles/p/itmd29588b73622d,flipkart
CHOCOINDIANART Very Nice Happy Birthday Day-06pcs Delicious Chocolate Gift || Truffles,419.0,,https://www.flipkart.com/chocoindianart-very-nice-happy-birthday-day-06pcs-delicious-chocolate-gift-truffles/p/itm702006132df4f,flipkart
CHOCOINDIANART Super Happy New Year-06pcs Delicious Chocolate Gift || Truffles,419.0,,https://www.flipkart.com/chocoindianart-super-happy-new-year-06pcs-delicious-chocolate-gift-truffles/p/itmd264c8a3966a2,flipkart
CHOCOINDIANART Grand Happy Lohri-06pcs Delicious Chocolate Gift || Truffles,419.0,,https://www.flipkart.com/chocoindianart-grand-happy-lohri-06pcs-delicious-chocolate-gift-truffles/p/itm5992d13832da0,flipkart
CHOCOINDIANART Amazing Happy Birthday-06pcs Delicious Chocolate Gift || Truffles,419.0,,https://www.flipkart.com/chocoindianart-amazing-happy-birthday-06pcs-delicious-chocolate-gift-truffles/p/itm8dfec04fe1533,flipkart
CHOCOINDIANART Delightful Happy Lohri-06pcs Delicious Chocolate Gift || Truffles,419.0,,https://www.flipkart.com/chocoindianart-delightful-happy-lohri-06pcs-delicious-chocolate-gift-truffles/p/itm22fa1a7ad8104,flipkart
